"","qseqid","taxon","taxonomic_level","species","genus","family","order","class","phylum","kingdom"
"1","ASV_0610","Perciformes","order","Blepsias bilobus","Blepsias","Agonidae","Perciformes","Actinopteri","Chordata","Eukaryota"
"2","ASV_0610","Perciformes","order","Leptocottus armatus","Leptocottus","Cottidae","Perciformes","Actinopteri","Chordata","Eukaryota"
"3","ASV_0029","Pleuronectidae 1","family",NA,NA,"Pleuronectidae","Pleuronectiformes","Actinopteri","Chordata","Eukaryota"
"6","ASV_0038","Pleuronectidae 2","family",NA,NA,"Pleuronectidae","Pleuronectiformes","Actinopteri","Chordata","Eukaryota"
"9","ASV_0053","Ophiodon elongatus","family",NA,NA,"Hexagrammidae","Perciformes","Actinopteri","Chordata","Eukaryota"
"13","ASV_0071","Pleuronectidae 3","family",NA,NA,"Pleuronectidae","Pleuronectiformes","Actinopteri","Chordata","Eukaryota"
"15","ASV_0175","Pleuronectidae 3","family",NA,NA,"Pleuronectidae","Pleuronectiformes","Actinopteri","Chordata","Eukaryota"
"18","ASV_0189","Stichaeidae","family",NA,NA,"Stichaeidae","Perciformes","Actinopteri","Chordata","Eukaryota"
"20","ASV_0227","Cottidae","family",NA,NA,"Cottidae","Perciformes","Actinopteri","Chordata","Eukaryota"
"34","ASV_0345","Cottidae","family",NA,NA,"Cottidae","Perciformes","Actinopteri","Chordata","Eukaryota"
"41","ASV_0365","Pleuronectidae 3","family",NA,NA,"Pleuronectidae","Pleuronectiformes","Actinopteri","Chordata","Eukaryota"
"43","ASV_0420","Pleuronectidae 2","family",NA,NA,"Pleuronectidae","Pleuronectiformes","Actinopteri","Chordata","Eukaryota"
"46","ASV_0431","Pleuronectidae 2","family",NA,NA,"Pleuronectidae","Pleuronectiformes","Actinopteri","Chordata","Eukaryota"
"49","ASV_0470","Pleuronectidae 2","family",NA,NA,"Pleuronectidae","Pleuronectiformes","Actinopteri","Chordata","Eukaryota"
"52","ASV_0496","Pleuronectidae 2","family",NA,NA,"Pleuronectidae","Pleuronectiformes","Actinopteri","Chordata","Eukaryota"
"55","ASV_0554","Pleuronectidae 2","family",NA,NA,"Pleuronectidae","Pleuronectiformes","Actinopteri","Chordata","Eukaryota"
"58","ASV_0571","Cottidae","family",NA,NA,"Cottidae","Perciformes","Actinopteri","Chordata","Eukaryota"
"72","ASV_0622","Pleuronectidae 2","family",NA,NA,"Pleuronectidae","Pleuronectiformes","Actinopteri","Chordata","Eukaryota"
"75","ASV_0623","Pleuronectidae 2","family",NA,NA,"Pleuronectidae","Pleuronectiformes","Actinopteri","Chordata","Eukaryota"
"78","ASV_0814","Cottidae","family",NA,NA,"Cottidae","Perciformes","Actinopteri","Chordata","Eukaryota"
"89","ASV_0012","Hexagrammos","genus",NA,"Hexagrammos","Hexagrammidae","Perciformes","Actinopteri","Chordata","Eukaryota"
"92","ASV_0015","Anoplarchus","genus",NA,"Anoplarchus","Stichaeidae","Perciformes","Actinopteri","Chordata","Eukaryota"
"94","ASV_0018","Gadus","genus",NA,"Gadus","Gadidae","Gadiformes","Actinopteri","Chordata","Eukaryota"
"96","ASV_0019","Sebastes 1","genus",NA,"Sebastes","Sebastidae","Perciformes","Actinopteri","Chordata","Eukaryota"
"98","ASV_0020","Oncorhynchus keta","species","Oncorhynchus keta","Oncorhynchus","Salmonidae","Salmoniformes","Actinopteri","Chordata","Eukaryota"
"99","ASV_0020","Oncorhynchus keta","species","Oncorhynchus nerka","Oncorhynchus","Salmonidae","Salmoniformes","Actinopteri","Chordata","Eukaryota"
"100","ASV_0021","Cottus","genus",NA,"Cottus","Cottidae","Perciformes","Actinopteri","Chordata","Eukaryota"
"104","ASV_0023","Sebastes 2","genus",NA,"Sebastes","Sebastidae","Perciformes","Actinopteri","Chordata","Eukaryota"
"106","ASV_0024","Lepidopsetta","genus",NA,"Lepidopsetta","Pleuronectidae","Pleuronectiformes","Actinopteri","Chordata","Eukaryota"
"108","ASV_0027","Sebastes 3","genus",NA,"Sebastes","Sebastidae","Perciformes","Actinopteri","Chordata","Eukaryota"
"127","ASV_0028","Myoxocephalus","genus",NA,"Myoxocephalus","Cottidae","Perciformes","Actinopteri","Chordata","Eukaryota"
"130","ASV_0032","Cottus","genus",NA,"Cottus","Cottidae","Perciformes","Actinopteri","Chordata","Eukaryota"
"140","ASV_0042","Xiphister","genus",NA,"Xiphister","Stichaeidae","Perciformes","Actinopteri","Chordata","Eukaryota"
"142","ASV_0044","Oncorhynchus keta","species","Oncorhynchus keta","Oncorhynchus","Salmonidae","Salmoniformes","Actinopteri","Chordata","Eukaryota"
"143","ASV_0044","Oncorhynchus keta","species","Oncorhynchus kisutch","Oncorhynchus","Salmonidae","Salmoniformes","Actinopteri","Chordata","Eukaryota"
"144","ASV_0054","Oncorhynchus","genus",NA,"Oncorhynchus","Salmonidae","Salmoniformes","Actinopteri","Chordata","Eukaryota"
"146","ASV_0055","Myoxocephalus","genus",NA,"Myoxocephalus","Cottidae","Perciformes","Actinopteri","Chordata","Eukaryota"
"149","ASV_0059","Anoplarchus","genus",NA,"Anoplarchus","Stichaeidae","Perciformes","Actinopteri","Chordata","Eukaryota"
"151","ASV_0064","Salvelinus","genus",NA,"Salvelinus","Salmonidae","Salmoniformes","Actinopteri","Chordata","Eukaryota"
"153","ASV_0068","Myoxocephalus","genus",NA,"Myoxocephalus","Cottidae","Perciformes","Actinopteri","Chordata","Eukaryota"
"156","ASV_0069","Salvelinus","genus",NA,"Salvelinus","Salmonidae","Salmoniformes","Actinopteri","Chordata","Eukaryota"
"159","ASV_0076","Oncorhynchus","genus",NA,"Oncorhynchus","Salmonidae","Salmoniformes","Actinopteri","Chordata","Eukaryota"
"161","ASV_0083","Oncorhynchus kisutch","species","Oncorhynchus kisutch","Oncorhynchus","Salmonidae","Salmoniformes","Actinopteri","Chordata","Eukaryota"
"162","ASV_0083","Oncorhynchus kisutch","species","Oncorhynchus keta","Oncorhynchus","Salmonidae","Salmoniformes","Actinopteri","Chordata","Eukaryota"
"163","ASV_0085","Anoplarchus","genus",NA,"Anoplarchus","Stichaeidae","Perciformes","Actinopteri","Chordata","Eukaryota"
"165","ASV_0091","Oncorhynchus","genus",NA,"Oncorhynchus","Salmonidae","Salmoniformes","Actinopteri","Chordata","Eukaryota"
"168","ASV_0094","Myoxocephalus","genus",NA,"Myoxocephalus","Cottidae","Perciformes","Actinopteri","Chordata","Eukaryota"
"171","ASV_0095","Lepidopsetta","genus",NA,"Lepidopsetta","Pleuronectidae","Pleuronectiformes","Actinopteri","Chordata","Eukaryota"
"173","ASV_0108","Ammodytes","genus",NA,"Ammodytes","Ammodytidae","Uranoscopiformes","Actinopteri","Chordata","Eukaryota"
"175","ASV_0123","Anoplarchus","genus",NA,"Anoplarchus","Stichaeidae","Perciformes","Actinopteri","Chordata","Eukaryota"
"177","ASV_0125","Sebastes 3","genus",NA,"Sebastes","Sebastidae","Perciformes","Actinopteri","Chordata","Eukaryota"
"197","ASV_0126","Xiphister","genus",NA,"Xiphister","Stichaeidae","Perciformes","Actinopteri","Chordata","Eukaryota"
"199","ASV_0128","Sebastes 3","genus",NA,"Sebastes","Sebastidae","Perciformes","Actinopteri","Chordata","Eukaryota"
"220","ASV_0140","Micropterus","genus",NA,"Micropterus","Centrarchidae","Centrarchiformes","Actinopteri","Chordata","Eukaryota"
"222","ASV_0144","Myoxocephalus","genus",NA,"Myoxocephalus","Cottidae","Perciformes","Actinopteri","Chordata","Eukaryota"
"225","ASV_0150","Oncorhynchus","genus",NA,"Oncorhynchus","Salmonidae","Salmoniformes","Actinopteri","Chordata","Eukaryota"
"229","ASV_0154","Hexagrammos","genus",NA,"Hexagrammos","Hexagrammidae","Perciformes","Actinopteri","Chordata","Eukaryota"
"232","ASV_0155","Lepidopsetta","genus",NA,"Lepidopsetta","Pleuronectidae","Pleuronectiformes","Actinopteri","Chordata","Eukaryota"
"234","ASV_0168","Sebastes 2","genus",NA,"Sebastes","Sebastidae","Perciformes","Actinopteri","Chordata","Eukaryota"
"236","ASV_0170","Myoxocephalus","genus",NA,"Myoxocephalus","Cottidae","Perciformes","Actinopteri","Chordata","Eukaryota"
"239","ASV_0176","Sebastes 1","genus",NA,"Sebastes","Sebastidae","Perciformes","Actinopteri","Chordata","Eukaryota"
"241","ASV_0180","Sebastes 1","genus",NA,"Sebastes","Sebastidae","Perciformes","Actinopteri","Chordata","Eukaryota"
"243","ASV_0195","Hypomesus","genus",NA,"Hypomesus","Osmeridae","Osmeriformes","Actinopteri","Chordata","Eukaryota"
"245","ASV_0204","Anoplarchus","genus",NA,"Anoplarchus","Stichaeidae","Perciformes","Actinopteri","Chordata","Eukaryota"
"247","ASV_0210","Xiphister","genus",NA,"Xiphister","Stichaeidae","Perciformes","Actinopteri","Chordata","Eukaryota"
"249","ASV_0225","Anoplarchus","genus",NA,"Anoplarchus","Stichaeidae","Perciformes","Actinopteri","Chordata","Eukaryota"
"251","ASV_0236","Pholis","genus",NA,"Pholis","Pholidae","Perciformes","Actinopteri","Chordata","Eukaryota"
"254","ASV_0248","Hexagrammos","genus",NA,"Hexagrammos","Hexagrammidae","Perciformes","Actinopteri","Chordata","Eukaryota"
"257","ASV_0249","Oncorhynchus","genus",NA,"Oncorhynchus","Salmonidae","Salmoniformes","Actinopteri","Chordata","Eukaryota"
"265","ASV_0255","Salvelinus","genus",NA,"Salvelinus","Salmonidae","Salmoniformes","Actinopteri","Chordata","Eukaryota"
"268","ASV_0258","Micropterus","genus",NA,"Micropterus","Centrarchidae","Centrarchiformes","Actinopteri","Chordata","Eukaryota"
"270","ASV_0259","Hexagrammos","genus",NA,"Hexagrammos","Hexagrammidae","Perciformes","Actinopteri","Chordata","Eukaryota"
"273","ASV_0263","Oncorhynchus","genus",NA,"Oncorhynchus","Salmonidae","Salmoniformes","Actinopteri","Chordata","Eukaryota"
"277","ASV_0264","Myoxocephalus","genus",NA,"Myoxocephalus","Cottidae","Perciformes","Actinopteri","Chordata","Eukaryota"
"280","ASV_0267","Oncorhynchus","genus",NA,"Oncorhynchus","Salmonidae","Salmoniformes","Actinopteri","Chordata","Eukaryota"
"284","ASV_0270","Micropterus","genus",NA,"Micropterus","Centrarchidae","Centrarchiformes","Actinopteri","Chordata","Eukaryota"
"286","ASV_0285","Anoplarchus","genus",NA,"Anoplarchus","Stichaeidae","Perciformes","Actinopteri","Chordata","Eukaryota"
"288","ASV_0300","Micropterus","genus",NA,"Micropterus","Centrarchidae","Centrarchiformes","Actinopteri","Chordata","Eukaryota"
"290","ASV_0302","Xiphister","genus",NA,"Xiphister","Stichaeidae","Perciformes","Actinopteri","Chordata","Eukaryota"
"292","ASV_0316","Myoxocephalus","genus",NA,"Myoxocephalus","Cottidae","Perciformes","Actinopteri","Chordata","Eukaryota"
"295","ASV_0319","Salvelinus","genus",NA,"Salvelinus","Salmonidae","Salmoniformes","Actinopteri","Chordata","Eukaryota"
"298","ASV_0332","Sebastes 2","genus",NA,"Sebastes","Sebastidae","Perciformes","Actinopteri","Chordata","Eukaryota"
"300","ASV_0335","Myoxocephalus","genus",NA,"Myoxocephalus","Cottidae","Perciformes","Actinopteri","Chordata","Eukaryota"
"303","ASV_0356","Sebastes 1","genus",NA,"Sebastes","Sebastidae","Perciformes","Actinopteri","Chordata","Eukaryota"
"305","ASV_0357","Micropterus","genus",NA,"Micropterus","Centrarchidae","Centrarchiformes","Actinopteri","Chordata","Eukaryota"
"307","ASV_0368","Salvelinus","genus",NA,"Salvelinus","Salmonidae","Salmoniformes","Actinopteri","Chordata","Eukaryota"
"310","ASV_0371","Gadus","genus",NA,"Gadus","Gadidae","Gadiformes","Actinopteri","Chordata","Eukaryota"
"312","ASV_0372","Micropterus","genus",NA,"Micropterus","Centrarchidae","Centrarchiformes","Actinopteri","Chordata","Eukaryota"
"314","ASV_0379","Xiphister","genus",NA,"Xiphister","Stichaeidae","Perciformes","Actinopteri","Chordata","Eukaryota"
"316","ASV_0396","Anoplarchus","genus",NA,"Anoplarchus","Stichaeidae","Perciformes","Actinopteri","Chordata","Eukaryota"
"318","ASV_0400","Myoxocephalus","genus",NA,"Myoxocephalus","Cottidae","Perciformes","Actinopteri","Chordata","Eukaryota"
"321","ASV_0403","Myoxocephalus","genus",NA,"Myoxocephalus","Cottidae","Perciformes","Actinopteri","Chordata","Eukaryota"
"327","ASV_0411","Sebastolobus","genus",NA,"Sebastolobus","Sebastidae","Perciformes","Actinopteri","Chordata","Eukaryota"
"330","ASV_0416","Oncorhynchus","genus",NA,"Oncorhynchus","Salmonidae","Salmoniformes","Actinopteri","Chordata","Eukaryota"
"332","ASV_0424","Cottus","genus",NA,"Cottus","Cottidae","Perciformes","Actinopteri","Chordata","Eukaryota"
"342","ASV_0427","Cottus","genus",NA,"Cottus","Cottidae","Perciformes","Actinopteri","Chordata","Eukaryota"
"346","ASV_0434","Cottus","genus",NA,"Cottus","Cottidae","Perciformes","Actinopteri","Chordata","Eukaryota"
"356","ASV_0452","Myoxocephalus","genus",NA,"Myoxocephalus","Cottidae","Perciformes","Actinopteri","Chordata","Eukaryota"
"359","ASV_0456","Myoxocephalus","genus",NA,"Myoxocephalus","Cottidae","Perciformes","Actinopteri","Chordata","Eukaryota"
"362","ASV_0464","Anoplarchus","genus",NA,"Anoplarchus","Stichaeidae","Perciformes","Actinopteri","Chordata","Eukaryota"
"364","ASV_0467","Anoplarchus","genus",NA,"Anoplarchus","Stichaeidae","Perciformes","Actinopteri","Chordata","Eukaryota"
"366","ASV_0468","Oncorhynchus","genus",NA,"Oncorhynchus","Salmonidae","Salmoniformes","Actinopteri","Chordata","Eukaryota"
"368","ASV_0480","Myoxocephalus","genus",NA,"Myoxocephalus","Cottidae","Perciformes","Actinopteri","Chordata","Eukaryota"
"371","ASV_0489","Xiphister","genus",NA,"Xiphister","Stichaeidae","Perciformes","Actinopteri","Chordata","Eukaryota"
"373","ASV_0491","Cottus","genus",NA,"Cottus","Cottidae","Perciformes","Actinopteri","Chordata","Eukaryota"
"377","ASV_0493","Hexagrammos","genus",NA,"Hexagrammos","Hexagrammidae","Perciformes","Actinopteri","Chordata","Eukaryota"
"380","ASV_0499","Oncorhynchus","genus",NA,"Oncorhynchus","Salmonidae","Salmoniformes","Actinopteri","Chordata","Eukaryota"
"388","ASV_0503","Anoplarchus","genus",NA,"Anoplarchus","Stichaeidae","Perciformes","Actinopteri","Chordata","Eukaryota"
"390","ASV_0504","Oncorhynchus","genus",NA,"Oncorhynchus","Salmonidae","Salmoniformes","Actinopteri","Chordata","Eukaryota"
"392","ASV_0507","Hexagrammos","genus",NA,"Hexagrammos","Hexagrammidae","Perciformes","Actinopteri","Chordata","Eukaryota"
"395","ASV_0508","Hexagrammos","genus",NA,"Hexagrammos","Hexagrammidae","Perciformes","Actinopteri","Chordata","Eukaryota"
"398","ASV_0509","Anoplarchus","genus",NA,"Anoplarchus","Stichaeidae","Perciformes","Actinopteri","Chordata","Eukaryota"
"400","ASV_0515","Hexagrammos","genus",NA,"Hexagrammos","Hexagrammidae","Perciformes","Actinopteri","Chordata","Eukaryota"
"403","ASV_0522","Hexagrammos","genus",NA,"Hexagrammos","Hexagrammidae","Perciformes","Actinopteri","Chordata","Eukaryota"
"406","ASV_0527","Xiphister","genus",NA,"Xiphister","Stichaeidae","Perciformes","Actinopteri","Chordata","Eukaryota"
"408","ASV_0530","Salvelinus","genus",NA,"Salvelinus","Salmonidae","Salmoniformes","Actinopteri","Chordata","Eukaryota"
"412","ASV_0547","Anoplarchus","genus",NA,"Anoplarchus","Stichaeidae","Perciformes","Actinopteri","Chordata","Eukaryota"
"414","ASV_0555","Anoplarchus","genus",NA,"Anoplarchus","Stichaeidae","Perciformes","Actinopteri","Chordata","Eukaryota"
"416","ASV_0582","Anoplarchus","genus",NA,"Anoplarchus","Stichaeidae","Perciformes","Actinopteri","Chordata","Eukaryota"
"418","ASV_0585","Oncorhynchus","genus",NA,"Oncorhynchus","Salmonidae","Salmoniformes","Actinopteri","Chordata","Eukaryota"
"420","ASV_0587","Xiphister","genus",NA,"Xiphister","Stichaeidae","Perciformes","Actinopteri","Chordata","Eukaryota"
"422","ASV_0589","Anoplarchus","genus",NA,"Anoplarchus","Stichaeidae","Perciformes","Actinopteri","Chordata","Eukaryota"
"424","ASV_0598","Sebastes 1","genus",NA,"Sebastes","Sebastidae","Perciformes","Actinopteri","Chordata","Eukaryota"
"428","ASV_0609","Myoxocephalus","genus",NA,"Myoxocephalus","Cottidae","Perciformes","Actinopteri","Chordata","Eukaryota"
"431","ASV_0612","Micropterus","genus",NA,"Micropterus","Centrarchidae","Centrarchiformes","Actinopteri","Chordata","Eukaryota"
"434","ASV_0618","Cottus","genus",NA,"Cottus","Cottidae","Perciformes","Actinopteri","Chordata","Eukaryota"
"438","ASV_0620","Oncorhynchus","genus",NA,"Oncorhynchus","Salmonidae","Salmoniformes","Actinopteri","Chordata","Eukaryota"
"442","ASV_0625","Anoplarchus","genus",NA,"Anoplarchus","Stichaeidae","Perciformes","Actinopteri","Chordata","Eukaryota"
"444","ASV_0627","Anoplarchus","genus",NA,"Anoplarchus","Stichaeidae","Perciformes","Actinopteri","Chordata","Eukaryota"
"446","ASV_0629","Oncorhynchus","genus",NA,"Oncorhynchus","Salmonidae","Salmoniformes","Actinopteri","Chordata","Eukaryota"
"449","ASV_0644","Anoplarchus","genus",NA,"Anoplarchus","Stichaeidae","Perciformes","Actinopteri","Chordata","Eukaryota"
"451","ASV_0735","Oncorhynchus","genus",NA,"Oncorhynchus","Salmonidae","Salmoniformes","Actinopteri","Chordata","Eukaryota"
"455","ASV_0742","Micropterus","genus",NA,"Micropterus","Centrarchidae","Centrarchiformes","Actinopteri","Chordata","Eukaryota"
"458","ASV_0751","Micropterus","genus",NA,"Micropterus","Centrarchidae","Centrarchiformes","Actinopteri","Chordata","Eukaryota"
"460","ASV_0752","Micropterus","genus",NA,"Micropterus","Centrarchidae","Centrarchiformes","Actinopteri","Chordata","Eukaryota"
"462","ASV_0810","Oncorhynchus","genus",NA,"Oncorhynchus","Salmonidae","Salmoniformes","Actinopteri","Chordata","Eukaryota"
"468","ASV_0826","Oncorhynchus","genus",NA,"Oncorhynchus","Salmonidae","Salmoniformes","Actinopteri","Chordata","Eukaryota"
"472","ASV_0865","Oncorhynchus","genus",NA,"Oncorhynchus","Salmonidae","Salmoniformes","Actinopteri","Chordata","Eukaryota"
"478","ASV_0002","Clupea pallasii","species","Clupea pallasii","Clupea","Clupeidae","Clupeiformes","Actinopteri","Chordata","Eukaryota"
"479","ASV_0003","Gasterosteus aculeatus","species","Gasterosteus aculeatus","Gasterosteus","Gasterosteidae","Perciformes","Actinopteri","Chordata","Eukaryota"
"480","ASV_0004","Ammodytes personatus","species","Ammodytes personatus","Ammodytes","Ammodytidae","Uranoscopiformes","Actinopteri","Chordata","Eukaryota"
"481","ASV_0005","Oncorhynchus gorbuscha","species","Oncorhynchus gorbuscha","Oncorhynchus","Salmonidae","Salmoniformes","Actinopteri","Chordata","Eukaryota"
"482","ASV_0006","Pholis laeta","species","Pholis laeta","Pholis","Pholidae","Perciformes","Actinopteri","Chordata","Eukaryota"
"483","ASV_0008","Lumpenus sagitta","species","Lumpenus sagitta","Lumpenus","Stichaeidae","Perciformes","Actinopteri","Chordata","Eukaryota"
"484","ASV_0009","Oncorhynchus kisutch","species","Oncorhynchus kisutch","Oncorhynchus","Salmonidae","Salmoniformes","Actinopteri","Chordata","Eukaryota"
"485","ASV_0010","Leptocottus armatus","species","Leptocottus armatus","Leptocottus","Cottidae","Perciformes","Actinopteri","Chordata","Eukaryota"
"486","ASV_0011","Syngnathus leptorhynchus","species","Syngnathus leptorhynchus","Syngnathus","Syngnathidae","Syngnathiformes","Actinopteri","Chordata","Eukaryota"
"487","ASV_0013","Citharichthys stigmaeus","species","Citharichthys stigmaeus","Citharichthys","Cyclopsettidae","Pleuronectiformes","Actinopteri","Chordata","Eukaryota"
"488","ASV_0017","Oncorhynchus keta","species","Oncorhynchus keta","Oncorhynchus","Salmonidae","Salmoniformes","Actinopteri","Chordata","Eukaryota"
"489","ASV_0026","Citharichthys stigmaeus","species","Citharichthys stigmaeus","Citharichthys","Cyclopsettidae","Pleuronectiformes","Actinopteri","Chordata","Eukaryota"
"490","ASV_0030","Artedius lateralis","species","Artedius lateralis","Artedius","Cottidae","Perciformes","Actinopteri","Chordata","Eukaryota"
"491","ASV_0031","Clupea pallasii","species","Clupea pallasii","Clupea","Clupeidae","Clupeiformes","Actinopteri","Chordata","Eukaryota"
"492","ASV_0033","Blepsias cirrhosus","species","Blepsias cirrhosus","Blepsias","Agonidae","Perciformes","Actinopteri","Chordata","Eukaryota"
"493","ASV_0039","Clupea pallasii","species","Clupea pallasii","Clupea","Clupeidae","Clupeiformes","Actinopteri","Chordata","Eukaryota"
"494","ASV_0040","Gasterosteus aculeatus","species","Gasterosteus aculeatus","Gasterosteus","Gasterosteidae","Perciformes","Actinopteri","Chordata","Eukaryota"
"495","ASV_0041","Gadus","genus",NA,"Gadus","Gadidae","Gadiformes","Actinopteri","Chordata","Eukaryota"
"496","ASV_0043","Clupea pallasii","species","Clupea pallasii","Clupea","Clupeidae","Clupeiformes","Actinopteri","Chordata","Eukaryota"
"497","ASV_0045","Oncorhynchus tshawytscha","species","Oncorhynchus tshawytscha","Oncorhynchus","Salmonidae","Salmoniformes","Actinopteri","Chordata","Eukaryota"
"498","ASV_0046","Oncorhynchus nerka","species","Oncorhynchus nerka","Oncorhynchus","Salmonidae","Salmoniformes","Actinopteri","Chordata","Eukaryota"
"499","ASV_0048","Pleuronichthys coenosus","species","Pleuronichthys coenosus","Pleuronichthys","Pleuronectidae","Pleuronectiformes","Actinopteri","Chordata","Eukaryota"
"500","ASV_0049","Aulorhynchus flavidus","species","Aulorhynchus flavidus","Aulorhynchus","Aulorhynchidae","Perciformes","Actinopteri","Chordata","Eukaryota"
"501","ASV_0056","Gasterosteus aculeatus","species","Gasterosteus aculeatus","Gasterosteus","Gasterosteidae","Perciformes","Actinopteri","Chordata","Eukaryota"
"502","ASV_0057","Artedius lateralis","species","Artedius lateralis","Artedius","Cottidae","Perciformes","Actinopteri","Chordata","Eukaryota"
"503","ASV_0058","Oncorhynchus kisutch","species","Oncorhynchus kisutch","Oncorhynchus","Salmonidae","Salmoniformes","Actinopteri","Chordata","Eukaryota"
"504","ASV_0060","Oncorhynchus keta","species","Oncorhynchus keta","Oncorhynchus","Salmonidae","Salmoniformes","Actinopteri","Chordata","Eukaryota"
"505","ASV_0061","Oncorhynchus clarkii","species","Oncorhynchus clarkii","Oncorhynchus","Salmonidae","Salmoniformes","Actinopteri","Chordata","Eukaryota"
"506","ASV_0062","Hippoglossus stenolepis","species","Hippoglossus stenolepis","Hippoglossus","Pleuronectidae","Pleuronectiformes","Actinopteri","Chordata","Eukaryota"
"507","ASV_0065","Citharichthys sordidus","species","Citharichthys sordidus","Citharichthys","Cyclopsettidae","Pleuronectiformes","Actinopteri","Chordata","Eukaryota"
"508","ASV_0067","Hexagrammos decagrammus","species","Hexagrammos decagrammus","Hexagrammos","Hexagrammidae","Perciformes","Actinopteri","Chordata","Eukaryota"
"509","ASV_0070","Ammodytes personatus","species","Ammodytes personatus","Ammodytes","Ammodytidae","Uranoscopiformes","Actinopteri","Chordata","Eukaryota"
"510","ASV_0072","Gasterosteus aculeatus","species","Gasterosteus aculeatus","Gasterosteus","Gasterosteidae","Perciformes","Actinopteri","Chordata","Eukaryota"
"511","ASV_0073","Hemilepidotus hemilepidotus","species","Hemilepidotus hemilepidotus","Hemilepidotus","Cottidae","Perciformes","Actinopteri","Chordata","Eukaryota"
"512","ASV_0074","Gadus","genus",NA,"Gadus","Gadidae","Gadiformes","Actinopteri","Chordata","Eukaryota"
"513","ASV_0077","Clupea pallasii","species","Clupea pallasii","Clupea","Clupeidae","Clupeiformes","Actinopteri","Chordata","Eukaryota"
"514","ASV_0078","Oncorhynchus gorbuscha","species","Oncorhynchus gorbuscha","Oncorhynchus","Salmonidae","Salmoniformes","Actinopteri","Chordata","Eukaryota"
"515","ASV_0079","Apodichthys flavidus","species","Apodichthys flavidus","Apodichthys","Pholidae","Perciformes","Actinopteri","Chordata","Eukaryota"
"516","ASV_0080","Pholis laeta","species","Pholis laeta","Pholis","Pholidae","Perciformes","Actinopteri","Chordata","Eukaryota"
"517","ASV_0084","Clupea pallasii","species","Clupea pallasii","Clupea","Clupeidae","Clupeiformes","Actinopteri","Chordata","Eukaryota"
"518","ASV_0086","Clupea pallasii","species","Clupea pallasii","Clupea","Clupeidae","Clupeiformes","Actinopteri","Chordata","Eukaryota"
"519","ASV_0087","Clupea pallasii","species","Clupea pallasii","Clupea","Clupeidae","Clupeiformes","Actinopteri","Chordata","Eukaryota"
"520","ASV_0090","Citharichthys stigmaeus","species","Citharichthys stigmaeus","Citharichthys","Cyclopsettidae","Pleuronectiformes","Actinopteri","Chordata","Eukaryota"
"521","ASV_0097","Blepsias cirrhosus","species","Blepsias cirrhosus","Blepsias","Agonidae","Perciformes","Actinopteri","Chordata","Eukaryota"
"522","ASV_0098","Clupea pallasii","species","Clupea pallasii","Clupea","Clupeidae","Clupeiformes","Actinopteri","Chordata","Eukaryota"
"523","ASV_0099","Oncorhynchus gorbuscha","species","Oncorhynchus gorbuscha","Oncorhynchus","Salmonidae","Salmoniformes","Actinopteri","Chordata","Eukaryota"
"524","ASV_0101","Microgadus proximus","species","Microgadus proximus","Microgadus","Gadidae","Gadiformes","Actinopteri","Chordata","Eukaryota"
"525","ASV_0104","Pholis laeta","species","Pholis laeta","Pholis","Pholidae","Perciformes","Actinopteri","Chordata","Eukaryota"
"526","ASV_0105","Chitonotus pugetensis","species","Chitonotus pugetensis","Chitonotus","Cottidae","Perciformes","Actinopteri","Chordata","Eukaryota"
"527","ASV_0106","Lumpenus sagitta","species","Lumpenus sagitta","Lumpenus","Stichaeidae","Perciformes","Actinopteri","Chordata","Eukaryota"
"528","ASV_0107","Gasterosteus aculeatus","species","Gasterosteus aculeatus","Gasterosteus","Gasterosteidae","Perciformes","Actinopteri","Chordata","Eukaryota"
"529","ASV_0109","Clupea pallasii","species","Clupea pallasii","Clupea","Clupeidae","Clupeiformes","Actinopteri","Chordata","Eukaryota"
"530","ASV_0110","Syngnathus leptorhynchus","species","Syngnathus leptorhynchus","Syngnathus","Syngnathidae","Syngnathiformes","Actinopteri","Chordata","Eukaryota"
"531","ASV_0113","Citharichthys stigmaeus","species","Citharichthys stigmaeus","Citharichthys","Cyclopsettidae","Pleuronectiformes","Actinopteri","Chordata","Eukaryota"
"532","ASV_0115","Oncorhynchus gorbuscha","species","Oncorhynchus gorbuscha","Oncorhynchus","Salmonidae","Salmoniformes","Actinopteri","Chordata","Eukaryota"
"533","ASV_0116","Clupea pallasii","species","Clupea pallasii","Clupea","Clupeidae","Clupeiformes","Actinopteri","Chordata","Eukaryota"
"534","ASV_0118","Oncorhynchus gorbuscha","species","Oncorhynchus gorbuscha","Oncorhynchus","Salmonidae","Salmoniformes","Actinopteri","Chordata","Eukaryota"
"535","ASV_0120","Clupea pallasii","species","Clupea pallasii","Clupea","Clupeidae","Clupeiformes","Actinopteri","Chordata","Eukaryota"
"536","ASV_0121","Clupea pallasii","species","Clupea pallasii","Clupea","Clupeidae","Clupeiformes","Actinopteri","Chordata","Eukaryota"
"537","ASV_0122","Ammodytes personatus","species","Ammodytes personatus","Ammodytes","Ammodytidae","Uranoscopiformes","Actinopteri","Chordata","Eukaryota"
"538","ASV_0124","Clupea pallasii","species","Clupea pallasii","Clupea","Clupeidae","Clupeiformes","Actinopteri","Chordata","Eukaryota"
"539","ASV_0129","Oncorhynchus keta","species","Oncorhynchus keta","Oncorhynchus","Salmonidae","Salmoniformes","Actinopteri","Chordata","Eukaryota"
"540","ASV_0130","Artedius lateralis","species","Artedius lateralis","Artedius","Cottidae","Perciformes","Actinopteri","Chordata","Eukaryota"
"541","ASV_0131","Oncorhynchus gorbuscha","species","Oncorhynchus gorbuscha","Oncorhynchus","Salmonidae","Salmoniformes","Actinopteri","Chordata","Eukaryota"
"542","ASV_0133","Oncorhynchus kisutch","species","Oncorhynchus kisutch","Oncorhynchus","Salmonidae","Salmoniformes","Actinopteri","Chordata","Eukaryota"
"543","ASV_0135","Stichaeus punctatus","species","Stichaeus punctatus","Stichaeus","Stichaeidae","Perciformes","Actinopteri","Chordata","Eukaryota"
"544","ASV_0136","Clupea pallasii","species","Clupea pallasii","Clupea","Clupeidae","Clupeiformes","Actinopteri","Chordata","Eukaryota"
"545","ASV_0138","Gasterosteus aculeatus","species","Gasterosteus aculeatus","Gasterosteus","Gasterosteidae","Perciformes","Actinopteri","Chordata","Eukaryota"
"546","ASV_0139","Citharichthys stigmaeus","species","Citharichthys stigmaeus","Citharichthys","Cyclopsettidae","Pleuronectiformes","Actinopteri","Chordata","Eukaryota"
"547","ASV_0141","Ammodytes personatus","species","Ammodytes personatus","Ammodytes","Ammodytidae","Uranoscopiformes","Actinopteri","Chordata","Eukaryota"
"548","ASV_0142","Gasterosteus aculeatus","species","Gasterosteus aculeatus","Gasterosteus","Gasterosteidae","Perciformes","Actinopteri","Chordata","Eukaryota"
"549","ASV_0143","Oncorhynchus gorbuscha","species","Oncorhynchus gorbuscha","Oncorhynchus","Salmonidae","Salmoniformes","Actinopteri","Chordata","Eukaryota"
"550","ASV_0145","Pholis laeta","species","Pholis laeta","Pholis","Pholidae","Perciformes","Actinopteri","Chordata","Eukaryota"
"551","ASV_0147","Ammodytes personatus","species","Ammodytes personatus","Ammodytes","Ammodytidae","Uranoscopiformes","Actinopteri","Chordata","Eukaryota"
"552","ASV_0148","Gadus","genus",NA,"Gadus","Gadidae","Gadiformes","Actinopteri","Chordata","Eukaryota"
"553","ASV_0149","Gadus","genus",NA,"Gadus","Gadidae","Gadiformes","Actinopteri","Chordata","Eukaryota"
"554","ASV_0151","Lumpenus sagitta","species","Lumpenus sagitta","Lumpenus","Stichaeidae","Perciformes","Actinopteri","Chordata","Eukaryota"
"555","ASV_0152","Gasterosteus aculeatus","species","Gasterosteus aculeatus","Gasterosteus","Gasterosteidae","Perciformes","Actinopteri","Chordata","Eukaryota"
"556","ASV_0156","Phytichthys chirus","species","Phytichthys chirus","Phytichthys","Stichaeidae","Perciformes","Actinopteri","Chordata","Eukaryota"
"557","ASV_0157","Oncorhynchus kisutch","species","Oncorhynchus kisutch","Oncorhynchus","Salmonidae","Salmoniformes","Actinopteri","Chordata","Eukaryota"
"558","ASV_0158","Artedius lateralis","species","Artedius lateralis","Artedius","Cottidae","Perciformes","Actinopteri","Chordata","Eukaryota"
"559","ASV_0159","Gadus","genus",NA,"Gadus","Gadidae","Gadiformes","Actinopteri","Chordata","Eukaryota"
"560","ASV_0160","Artedius lateralis","species","Artedius lateralis","Artedius","Cottidae","Perciformes","Actinopteri","Chordata","Eukaryota"
"561","ASV_0161","Gadus","genus",NA,"Gadus","Gadidae","Gadiformes","Actinopteri","Chordata","Eukaryota"
"562","ASV_0164","Clupea pallasii","species","Clupea pallasii","Clupea","Clupeidae","Clupeiformes","Actinopteri","Chordata","Eukaryota"
"563","ASV_0166","Lumpenus sagitta","species","Lumpenus sagitta","Lumpenus","Stichaeidae","Perciformes","Actinopteri","Chordata","Eukaryota"
"564","ASV_0167","Pholis laeta","species","Pholis laeta","Pholis","Pholidae","Perciformes","Actinopteri","Chordata","Eukaryota"
"565","ASV_0171","Oncorhynchus keta","species","Oncorhynchus keta","Oncorhynchus","Salmonidae","Salmoniformes","Actinopteri","Chordata","Eukaryota"
"566","ASV_0172","Oncorhynchus keta","species","Oncorhynchus keta","Oncorhynchus","Salmonidae","Salmoniformes","Actinopteri","Chordata","Eukaryota"
"567","ASV_0173","Clupea pallasii","species","Clupea pallasii","Clupea","Clupeidae","Clupeiformes","Actinopteri","Chordata","Eukaryota"
"568","ASV_0178","Clupea pallasii","species","Clupea pallasii","Clupea","Clupeidae","Clupeiformes","Actinopteri","Chordata","Eukaryota"
"569","ASV_0179","Ammodytes personatus","species","Ammodytes personatus","Ammodytes","Ammodytidae","Uranoscopiformes","Actinopteri","Chordata","Eukaryota"
"570","ASV_0181","Gasterosteus aculeatus","species","Gasterosteus aculeatus","Gasterosteus","Gasterosteidae","Perciformes","Actinopteri","Chordata","Eukaryota"
"571","ASV_0183","Gadus","genus",NA,"Gadus","Gadidae","Gadiformes","Actinopteri","Chordata","Eukaryota"
"572","ASV_0185","Clupea pallasii","species","Clupea pallasii","Clupea","Clupeidae","Clupeiformes","Actinopteri","Chordata","Eukaryota"
"573","ASV_0186","Gasterosteus aculeatus","species","Gasterosteus aculeatus","Gasterosteus","Gasterosteidae","Perciformes","Actinopteri","Chordata","Eukaryota"
"574","ASV_0188","Oncorhynchus kisutch","species","Oncorhynchus kisutch","Oncorhynchus","Salmonidae","Salmoniformes","Actinopteri","Chordata","Eukaryota"
"575","ASV_0190","Sebastes entomelas","species","Sebastes entomelas","Sebastes","Sebastidae","Perciformes","Actinopteri","Chordata","Eukaryota"
"576","ASV_0191","Clupea pallasii","species","Clupea pallasii","Clupea","Clupeidae","Clupeiformes","Actinopteri","Chordata","Eukaryota"
"577","ASV_0192","Clupea pallasii","species","Clupea pallasii","Clupea","Clupeidae","Clupeiformes","Actinopteri","Chordata","Eukaryota"
"578","ASV_0194","Gasterosteus aculeatus","species","Gasterosteus aculeatus","Gasterosteus","Gasterosteidae","Perciformes","Actinopteri","Chordata","Eukaryota"
"579","ASV_0196","Syngnathus leptorhynchus","species","Syngnathus leptorhynchus","Syngnathus","Syngnathidae","Syngnathiformes","Actinopteri","Chordata","Eukaryota"
"580","ASV_0197","Liparis mucosus","species","Liparis mucosus","Liparis","Liparidae","Perciformes","Actinopteri","Chordata","Eukaryota"
"581","ASV_0198","Clupea pallasii","species","Clupea pallasii","Clupea","Clupeidae","Clupeiformes","Actinopteri","Chordata","Eukaryota"
"582","ASV_0199","Gasterosteus aculeatus","species","Gasterosteus aculeatus","Gasterosteus","Gasterosteidae","Perciformes","Actinopteri","Chordata","Eukaryota"
"583","ASV_0200","Clupea pallasii","species","Clupea pallasii","Clupea","Clupeidae","Clupeiformes","Actinopteri","Chordata","Eukaryota"
"584","ASV_0201","Gadus","genus",NA,"Gadus","Gadidae","Gadiformes","Actinopteri","Chordata","Eukaryota"
"585","ASV_0203","Ammodytes personatus","species","Ammodytes personatus","Ammodytes","Ammodytidae","Uranoscopiformes","Actinopteri","Chordata","Eukaryota"
"586","ASV_0206","Pholis laeta","species","Pholis laeta","Pholis","Pholidae","Perciformes","Actinopteri","Chordata","Eukaryota"
"587","ASV_0208","Gasterosteus aculeatus","species","Gasterosteus aculeatus","Gasterosteus","Gasterosteidae","Perciformes","Actinopteri","Chordata","Eukaryota"
"588","ASV_0209","Oncorhynchus gorbuscha","species","Oncorhynchus gorbuscha","Oncorhynchus","Salmonidae","Salmoniformes","Actinopteri","Chordata","Eukaryota"
"589","ASV_0211","Gasterosteus aculeatus","species","Gasterosteus aculeatus","Gasterosteus","Gasterosteidae","Perciformes","Actinopteri","Chordata","Eukaryota"
"590","ASV_0213","Gadus","genus",NA,"Gadus","Gadidae","Gadiformes","Actinopteri","Chordata","Eukaryota"
"591","ASV_0214","Aulorhynchus flavidus","species","Aulorhynchus flavidus","Aulorhynchus","Aulorhynchidae","Perciformes","Actinopteri","Chordata","Eukaryota"
"592","ASV_0215","Pholis laeta","species","Pholis laeta","Pholis","Pholidae","Perciformes","Actinopteri","Chordata","Eukaryota"
"593","ASV_0216","Pholis laeta","species","Pholis laeta","Pholis","Pholidae","Perciformes","Actinopteri","Chordata","Eukaryota"
"594","ASV_0217","Clupea pallasii","species","Clupea pallasii","Clupea","Clupeidae","Clupeiformes","Actinopteri","Chordata","Eukaryota"
"595","ASV_0219","Clupea pallasii","species","Clupea pallasii","Clupea","Clupeidae","Clupeiformes","Actinopteri","Chordata","Eukaryota"
"596","ASV_0222","Citharichthys sordidus","species","Citharichthys sordidus","Citharichthys","Cyclopsettidae","Pleuronectiformes","Actinopteri","Chordata","Eukaryota"
"597","ASV_0223","Clupea pallasii","species","Clupea pallasii","Clupea","Clupeidae","Clupeiformes","Actinopteri","Chordata","Eukaryota"
"598","ASV_0224","Artedius lateralis","species","Artedius lateralis","Artedius","Cottidae","Perciformes","Actinopteri","Chordata","Eukaryota"
"599","ASV_0226","Citharichthys stigmaeus","species","Citharichthys stigmaeus","Citharichthys","Cyclopsettidae","Pleuronectiformes","Actinopteri","Chordata","Eukaryota"
"600","ASV_0228","Oncorhynchus tshawytscha","species","Oncorhynchus tshawytscha","Oncorhynchus","Salmonidae","Salmoniformes","Actinopteri","Chordata","Eukaryota"
"601","ASV_0229","Pholis laeta","species","Pholis laeta","Pholis","Pholidae","Perciformes","Actinopteri","Chordata","Eukaryota"
"602","ASV_0230","Ammodytes personatus","species","Ammodytes personatus","Ammodytes","Ammodytidae","Uranoscopiformes","Actinopteri","Chordata","Eukaryota"
"603","ASV_0232","Clupea pallasii","species","Clupea pallasii","Clupea","Clupeidae","Clupeiformes","Actinopteri","Chordata","Eukaryota"
"604","ASV_0233","Clupea pallasii","species","Clupea pallasii","Clupea","Clupeidae","Clupeiformes","Actinopteri","Chordata","Eukaryota"
"605","ASV_0237","Ammodytes personatus","species","Ammodytes personatus","Ammodytes","Ammodytidae","Uranoscopiformes","Actinopteri","Chordata","Eukaryota"
"606","ASV_0239","Gasterosteus aculeatus","species","Gasterosteus aculeatus","Gasterosteus","Gasterosteidae","Perciformes","Actinopteri","Chordata","Eukaryota"
"607","ASV_0240","Oncorhynchus kisutch","species","Oncorhynchus kisutch","Oncorhynchus","Salmonidae","Salmoniformes","Actinopteri","Chordata","Eukaryota"
"608","ASV_0241","Oncorhynchus gorbuscha","species","Oncorhynchus gorbuscha","Oncorhynchus","Salmonidae","Salmoniformes","Actinopteri","Chordata","Eukaryota"
"609","ASV_0242","Pholis laeta","species","Pholis laeta","Pholis","Pholidae","Perciformes","Actinopteri","Chordata","Eukaryota"
"610","ASV_0243","Citharichthys stigmaeus","species","Citharichthys stigmaeus","Citharichthys","Cyclopsettidae","Pleuronectiformes","Actinopteri","Chordata","Eukaryota"
"611","ASV_0245","Citharichthys stigmaeus","species","Citharichthys stigmaeus","Citharichthys","Cyclopsettidae","Pleuronectiformes","Actinopteri","Chordata","Eukaryota"
"612","ASV_0247","Hemilepidotus hemilepidotus","species","Hemilepidotus hemilepidotus","Hemilepidotus","Cottidae","Perciformes","Actinopteri","Chordata","Eukaryota"
"613","ASV_0250","Pholis laeta","species","Pholis laeta","Pholis","Pholidae","Perciformes","Actinopteri","Chordata","Eukaryota"
"614","ASV_0251","Oncorhynchus nerka","species","Oncorhynchus nerka","Oncorhynchus","Salmonidae","Salmoniformes","Actinopteri","Chordata","Eukaryota"
"615","ASV_0253","Aulorhynchus flavidus","species","Aulorhynchus flavidus","Aulorhynchus","Aulorhynchidae","Perciformes","Actinopteri","Chordata","Eukaryota"
"616","ASV_0254","Cryptacanthodes giganteus","species","Cryptacanthodes giganteus","Cryptacanthodes","Cryptacanthodidae","Perciformes","Actinopteri","Chordata","Eukaryota"
"617","ASV_0256","Zaprora silenus","species","Zaprora silenus","Zaprora","Zaproridae","Perciformes","Actinopteri","Chordata","Eukaryota"
"618","ASV_0257","Pholis laeta","species","Pholis laeta","Pholis","Pholidae","Perciformes","Actinopteri","Chordata","Eukaryota"
"619","ASV_0260","Leptocottus armatus","species","Leptocottus armatus","Leptocottus","Cottidae","Perciformes","Actinopteri","Chordata","Eukaryota"
"620","ASV_0261","Gadus","genus",NA,"Gadus","Gadidae","Gadiformes","Actinopteri","Chordata","Eukaryota"
"621","ASV_0262","Anoplarchus purpurescens","species","Anoplarchus purpurescens","Anoplarchus","Stichaeidae","Perciformes","Actinopteri","Chordata","Eukaryota"
"622","ASV_0266","Pholis laeta","species","Pholis laeta","Pholis","Pholidae","Perciformes","Actinopteri","Chordata","Eukaryota"
"623","ASV_0268","Gasterosteus aculeatus","species","Gasterosteus aculeatus","Gasterosteus","Gasterosteidae","Perciformes","Actinopteri","Chordata","Eukaryota"
"624","ASV_0269","Clupea pallasii","species","Clupea pallasii","Clupea","Clupeidae","Clupeiformes","Actinopteri","Chordata","Eukaryota"
"625","ASV_0272","Myoxocephalus stelleri","species","Myoxocephalus stelleri","Myoxocephalus","Cottidae","Perciformes","Actinopteri","Chordata","Eukaryota"
"626","ASV_0274","Artedius lateralis","species","Artedius lateralis","Artedius","Cottidae","Perciformes","Actinopteri","Chordata","Eukaryota"
"627","ASV_0275","Pholis laeta","species","Pholis laeta","Pholis","Pholidae","Perciformes","Actinopteri","Chordata","Eukaryota"
"628","ASV_0278","Pholis laeta","species","Pholis laeta","Pholis","Pholidae","Perciformes","Actinopteri","Chordata","Eukaryota"
"629","ASV_0280","Artedius lateralis","species","Artedius lateralis","Artedius","Cottidae","Perciformes","Actinopteri","Chordata","Eukaryota"
"630","ASV_0282","Clupea pallasii","species","Clupea pallasii","Clupea","Clupeidae","Clupeiformes","Actinopteri","Chordata","Eukaryota"
"631","ASV_0283","Oncorhynchus keta","species","Oncorhynchus keta","Oncorhynchus","Salmonidae","Salmoniformes","Actinopteri","Chordata","Eukaryota"
"632","ASV_0284","Pholis laeta","species","Pholis laeta","Pholis","Pholidae","Perciformes","Actinopteri","Chordata","Eukaryota"
"633","ASV_0286","Ammodytes personatus","species","Ammodytes personatus","Ammodytes","Ammodytidae","Uranoscopiformes","Actinopteri","Chordata","Eukaryota"
"634","ASV_0287","Gasterosteus aculeatus","species","Gasterosteus aculeatus","Gasterosteus","Gasterosteidae","Perciformes","Actinopteri","Chordata","Eukaryota"
"635","ASV_0289","Ammodytes personatus","species","Ammodytes personatus","Ammodytes","Ammodytidae","Uranoscopiformes","Actinopteri","Chordata","Eukaryota"
"636","ASV_0290","Hippoglossus stenolepis","species","Hippoglossus stenolepis","Hippoglossus","Pleuronectidae","Pleuronectiformes","Actinopteri","Chordata","Eukaryota"
"637","ASV_0291","Pholis laeta","species","Pholis laeta","Pholis","Pholidae","Perciformes","Actinopteri","Chordata","Eukaryota"
"638","ASV_0292","Gadus","genus",NA,"Gadus","Gadidae","Gadiformes","Actinopteri","Chordata","Eukaryota"
"639","ASV_0294","Syngnathus leptorhynchus","species","Syngnathus leptorhynchus","Syngnathus","Syngnathidae","Syngnathiformes","Actinopteri","Chordata","Eukaryota"
"640","ASV_0298","Artedius lateralis","species","Artedius lateralis","Artedius","Cottidae","Perciformes","Actinopteri","Chordata","Eukaryota"
"641","ASV_0301","Clupea pallasii","species","Clupea pallasii","Clupea","Clupeidae","Clupeiformes","Actinopteri","Chordata","Eukaryota"
"642","ASV_0305","Artedius lateralis","species","Artedius lateralis","Artedius","Cottidae","Perciformes","Actinopteri","Chordata","Eukaryota"
"643","ASV_0307","Oncorhynchus kisutch","species","Oncorhynchus kisutch","Oncorhynchus","Salmonidae","Salmoniformes","Actinopteri","Chordata","Eukaryota"
"644","ASV_0308","Clupea pallasii","species","Clupea pallasii","Clupea","Clupeidae","Clupeiformes","Actinopteri","Chordata","Eukaryota"
"645","ASV_0310","Clupea pallasii","species","Clupea pallasii","Clupea","Clupeidae","Clupeiformes","Actinopteri","Chordata","Eukaryota"
"646","ASV_0312","Clupea pallasii","species","Clupea pallasii","Clupea","Clupeidae","Clupeiformes","Actinopteri","Chordata","Eukaryota"
"647","ASV_0314","Clupea pallasii","species","Clupea pallasii","Clupea","Clupeidae","Clupeiformes","Actinopteri","Chordata","Eukaryota"
"648","ASV_0315","Ammodytes personatus","species","Ammodytes personatus","Ammodytes","Ammodytidae","Uranoscopiformes","Actinopteri","Chordata","Eukaryota"
"649","ASV_0317","Ammodytes personatus","species","Ammodytes personatus","Ammodytes","Ammodytidae","Uranoscopiformes","Actinopteri","Chordata","Eukaryota"
"650","ASV_0321","Clupea pallasii","species","Clupea pallasii","Clupea","Clupeidae","Clupeiformes","Actinopteri","Chordata","Eukaryota"
"651","ASV_0325","Artedius lateralis","species","Artedius lateralis","Artedius","Cottidae","Perciformes","Actinopteri","Chordata","Eukaryota"
"652","ASV_0326","Clupea pallasii","species","Clupea pallasii","Clupea","Clupeidae","Clupeiformes","Actinopteri","Chordata","Eukaryota"
"653","ASV_0327","Ammodytes personatus","species","Ammodytes personatus","Ammodytes","Ammodytidae","Uranoscopiformes","Actinopteri","Chordata","Eukaryota"
"654","ASV_0328","Clupea pallasii","species","Clupea pallasii","Clupea","Clupeidae","Clupeiformes","Actinopteri","Chordata","Eukaryota"
"655","ASV_0330","Sebastes nigrocinctus","species","Sebastes nigrocinctus","Sebastes","Sebastidae","Perciformes","Actinopteri","Chordata","Eukaryota"
"656","ASV_0331","Ammodytes personatus","species","Ammodytes personatus","Ammodytes","Ammodytidae","Uranoscopiformes","Actinopteri","Chordata","Eukaryota"
"657","ASV_0334","Clupea pallasii","species","Clupea pallasii","Clupea","Clupeidae","Clupeiformes","Actinopteri","Chordata","Eukaryota"
"658","ASV_0338","Oncorhynchus kisutch","species","Oncorhynchus kisutch","Oncorhynchus","Salmonidae","Salmoniformes","Actinopteri","Chordata","Eukaryota"
"659","ASV_0339","Clupea pallasii","species","Clupea pallasii","Clupea","Clupeidae","Clupeiformes","Actinopteri","Chordata","Eukaryota"
"660","ASV_0342","Clupea pallasii","species","Clupea pallasii","Clupea","Clupeidae","Clupeiformes","Actinopteri","Chordata","Eukaryota"
"661","ASV_0344","Clupea pallasii","species","Clupea pallasii","Clupea","Clupeidae","Clupeiformes","Actinopteri","Chordata","Eukaryota"
"662","ASV_0346","Leptocottus armatus","species","Leptocottus armatus","Leptocottus","Cottidae","Perciformes","Actinopteri","Chordata","Eukaryota"
"663","ASV_0347","Lumpenus sagitta","species","Lumpenus sagitta","Lumpenus","Stichaeidae","Perciformes","Actinopteri","Chordata","Eukaryota"
"664","ASV_0348","Oncorhynchus gorbuscha","species","Oncorhynchus gorbuscha","Oncorhynchus","Salmonidae","Salmoniformes","Actinopteri","Chordata","Eukaryota"
"665","ASV_0351","Oncorhynchus keta","species","Oncorhynchus keta","Oncorhynchus","Salmonidae","Salmoniformes","Actinopteri","Chordata","Eukaryota"
"666","ASV_0353","Clupea pallasii","species","Clupea pallasii","Clupea","Clupeidae","Clupeiformes","Actinopteri","Chordata","Eukaryota"
"667","ASV_0354","Syngnathus leptorhynchus","species","Syngnathus leptorhynchus","Syngnathus","Syngnathidae","Syngnathiformes","Actinopteri","Chordata","Eukaryota"
"668","ASV_0359","Pholis laeta","species","Pholis laeta","Pholis","Pholidae","Perciformes","Actinopteri","Chordata","Eukaryota"
"669","ASV_0360","Ammodytes personatus","species","Ammodytes personatus","Ammodytes","Ammodytidae","Uranoscopiformes","Actinopteri","Chordata","Eukaryota"
"670","ASV_0363","Citharichthys stigmaeus","species","Citharichthys stigmaeus","Citharichthys","Cyclopsettidae","Pleuronectiformes","Actinopteri","Chordata","Eukaryota"
"671","ASV_0364","Clupea pallasii","species","Clupea pallasii","Clupea","Clupeidae","Clupeiformes","Actinopteri","Chordata","Eukaryota"
"672","ASV_0367","Oncorhynchus keta","species","Oncorhynchus keta","Oncorhynchus","Salmonidae","Salmoniformes","Actinopteri","Chordata","Eukaryota"
"673","ASV_0370","Citharichthys stigmaeus","species","Citharichthys stigmaeus","Citharichthys","Cyclopsettidae","Pleuronectiformes","Actinopteri","Chordata","Eukaryota"
"674","ASV_0373","Pholis laeta","species","Pholis laeta","Pholis","Pholidae","Perciformes","Actinopteri","Chordata","Eukaryota"
"675","ASV_0374","Pholis laeta","species","Pholis laeta","Pholis","Pholidae","Perciformes","Actinopteri","Chordata","Eukaryota"
"676","ASV_0376","Pholis laeta","species","Pholis laeta","Pholis","Pholidae","Perciformes","Actinopteri","Chordata","Eukaryota"
"677","ASV_0377","Pholis laeta","species","Pholis laeta","Pholis","Pholidae","Perciformes","Actinopteri","Chordata","Eukaryota"
"678","ASV_0378","Clupea pallasii","species","Clupea pallasii","Clupea","Clupeidae","Clupeiformes","Actinopteri","Chordata","Eukaryota"
"679","ASV_0380","Ammodytes personatus","species","Ammodytes personatus","Ammodytes","Ammodytidae","Uranoscopiformes","Actinopteri","Chordata","Eukaryota"
"680","ASV_0381","Clupea pallasii","species","Clupea pallasii","Clupea","Clupeidae","Clupeiformes","Actinopteri","Chordata","Eukaryota"
"681","ASV_0382","Clupea pallasii","species","Clupea pallasii","Clupea","Clupeidae","Clupeiformes","Actinopteri","Chordata","Eukaryota"
"682","ASV_0384","Lumpenus sagitta","species","Lumpenus sagitta","Lumpenus","Stichaeidae","Perciformes","Actinopteri","Chordata","Eukaryota"
"683","ASV_0385","Leptocottus armatus","species","Leptocottus armatus","Leptocottus","Cottidae","Perciformes","Actinopteri","Chordata","Eukaryota"
"684","ASV_0386","Clupea pallasii","species","Clupea pallasii","Clupea","Clupeidae","Clupeiformes","Actinopteri","Chordata","Eukaryota"
"685","ASV_0387","Syngnathus leptorhynchus","species","Syngnathus leptorhynchus","Syngnathus","Syngnathidae","Syngnathiformes","Actinopteri","Chordata","Eukaryota"
"686","ASV_0388","Clupea pallasii","species","Clupea pallasii","Clupea","Clupeidae","Clupeiformes","Actinopteri","Chordata","Eukaryota"
"687","ASV_0390","Clupea pallasii","species","Clupea pallasii","Clupea","Clupeidae","Clupeiformes","Actinopteri","Chordata","Eukaryota"
"688","ASV_0391","Leptocottus armatus","species","Leptocottus armatus","Leptocottus","Cottidae","Perciformes","Actinopteri","Chordata","Eukaryota"
"689","ASV_0392","Mallotus villosus","species","Mallotus villosus","Mallotus","Salangidae","Osmeriformes","Actinopteri","Chordata","Eukaryota"
"690","ASV_0393","Anoplopoma fimbria","species","Anoplopoma fimbria","Anoplopoma","Anoplopomatidae","Perciformes","Actinopteri","Chordata","Eukaryota"
"691","ASV_0395","Pholis laeta","species","Pholis laeta","Pholis","Pholidae","Perciformes","Actinopteri","Chordata","Eukaryota"
"692","ASV_0397","Lumpenus sagitta","species","Lumpenus sagitta","Lumpenus","Stichaeidae","Perciformes","Actinopteri","Chordata","Eukaryota"
"693","ASV_0399","Oncorhynchus keta","species","Oncorhynchus keta","Oncorhynchus","Salmonidae","Salmoniformes","Actinopteri","Chordata","Eukaryota"
"694","ASV_0402","Pleuronichthys coenosus","species","Pleuronichthys coenosus","Pleuronichthys","Pleuronectidae","Pleuronectiformes","Actinopteri","Chordata","Eukaryota"
"695","ASV_0405","Oncorhynchus gorbuscha","species","Oncorhynchus gorbuscha","Oncorhynchus","Salmonidae","Salmoniformes","Actinopteri","Chordata","Eukaryota"
"696","ASV_0406","Gasterosteus aculeatus","species","Gasterosteus aculeatus","Gasterosteus","Gasterosteidae","Perciformes","Actinopteri","Chordata","Eukaryota"
"697","ASV_0409","Pholis laeta","species","Pholis laeta","Pholis","Pholidae","Perciformes","Actinopteri","Chordata","Eukaryota"
"698","ASV_0412","Blepsias bilobus","species","Blepsias bilobus","Blepsias","Agonidae","Perciformes","Actinopteri","Chordata","Eukaryota"
"699","ASV_0415","Leptocottus armatus","species","Leptocottus armatus","Leptocottus","Cottidae","Perciformes","Actinopteri","Chordata","Eukaryota"
"700","ASV_0417","Pholis laeta","species","Pholis laeta","Pholis","Pholidae","Perciformes","Actinopteri","Chordata","Eukaryota"
"701","ASV_0419","Clupea pallasii","species","Clupea pallasii","Clupea","Clupeidae","Clupeiformes","Actinopteri","Chordata","Eukaryota"
"702","ASV_0422","Lumpenus sagitta","species","Lumpenus sagitta","Lumpenus","Stichaeidae","Perciformes","Actinopteri","Chordata","Eukaryota"
"703","ASV_0423","Clupea pallasii","species","Clupea pallasii","Clupea","Clupeidae","Clupeiformes","Actinopteri","Chordata","Eukaryota"
"704","ASV_0425","Pholis laeta","species","Pholis laeta","Pholis","Pholidae","Perciformes","Actinopteri","Chordata","Eukaryota"
"705","ASV_0426","Oncorhynchus gorbuscha","species","Oncorhynchus gorbuscha","Oncorhynchus","Salmonidae","Salmoniformes","Actinopteri","Chordata","Eukaryota"
"706","ASV_0428","Oncorhynchus kisutch","species","Oncorhynchus kisutch","Oncorhynchus","Salmonidae","Salmoniformes","Actinopteri","Chordata","Eukaryota"
"707","ASV_0429","Ammodytes personatus","species","Ammodytes personatus","Ammodytes","Ammodytidae","Uranoscopiformes","Actinopteri","Chordata","Eukaryota"
"708","ASV_0430","Oncorhynchus gorbuscha","species","Oncorhynchus gorbuscha","Oncorhynchus","Salmonidae","Salmoniformes","Actinopteri","Chordata","Eukaryota"
"709","ASV_0432","Clupea pallasii","species","Clupea pallasii","Clupea","Clupeidae","Clupeiformes","Actinopteri","Chordata","Eukaryota"
"710","ASV_0433","Citharichthys sordidus","species","Citharichthys sordidus","Citharichthys","Cyclopsettidae","Pleuronectiformes","Actinopteri","Chordata","Eukaryota"
"711","ASV_0435","Gasterosteus aculeatus","species","Gasterosteus aculeatus","Gasterosteus","Gasterosteidae","Perciformes","Actinopteri","Chordata","Eukaryota"
"712","ASV_0437","Ammodytes personatus","species","Ammodytes personatus","Ammodytes","Ammodytidae","Uranoscopiformes","Actinopteri","Chordata","Eukaryota"
"713","ASV_0438","Aulorhynchus flavidus","species","Aulorhynchus flavidus","Aulorhynchus","Aulorhynchidae","Perciformes","Actinopteri","Chordata","Eukaryota"
"714","ASV_0440","Clupea pallasii","species","Clupea pallasii","Clupea","Clupeidae","Clupeiformes","Actinopteri","Chordata","Eukaryota"
"715","ASV_0443","Oncorhynchus gorbuscha","species","Oncorhynchus gorbuscha","Oncorhynchus","Salmonidae","Salmoniformes","Actinopteri","Chordata","Eukaryota"
"716","ASV_0445","Oncorhynchus tshawytscha","species","Oncorhynchus tshawytscha","Oncorhynchus","Salmonidae","Salmoniformes","Actinopteri","Chordata","Eukaryota"
"717","ASV_0446","Clupea pallasii","species","Clupea pallasii","Clupea","Clupeidae","Clupeiformes","Actinopteri","Chordata","Eukaryota"
"718","ASV_0448","Clupea pallasii","species","Clupea pallasii","Clupea","Clupeidae","Clupeiformes","Actinopteri","Chordata","Eukaryota"
"719","ASV_0449","Artedius lateralis","species","Artedius lateralis","Artedius","Cottidae","Perciformes","Actinopteri","Chordata","Eukaryota"
"720","ASV_0453","Syngnathus leptorhynchus","species","Syngnathus leptorhynchus","Syngnathus","Syngnathidae","Syngnathiformes","Actinopteri","Chordata","Eukaryota"
"721","ASV_0454","Citharichthys stigmaeus","species","Citharichthys stigmaeus","Citharichthys","Cyclopsettidae","Pleuronectiformes","Actinopteri","Chordata","Eukaryota"
"722","ASV_0455","Clupea pallasii","species","Clupea pallasii","Clupea","Clupeidae","Clupeiformes","Actinopteri","Chordata","Eukaryota"
"723","ASV_0457","Gasterosteus aculeatus","species","Gasterosteus aculeatus","Gasterosteus","Gasterosteidae","Perciformes","Actinopteri","Chordata","Eukaryota"
"724","ASV_0458","Leptocottus armatus","species","Leptocottus armatus","Leptocottus","Cottidae","Perciformes","Actinopteri","Chordata","Eukaryota"
"725","ASV_0461","Pholis laeta","species","Pholis laeta","Pholis","Pholidae","Perciformes","Actinopteri","Chordata","Eukaryota"
"726","ASV_0462","Citharichthys sordidus","species","Citharichthys sordidus","Citharichthys","Cyclopsettidae","Pleuronectiformes","Actinopteri","Chordata","Eukaryota"
"727","ASV_0463","Leptocottus armatus","species","Leptocottus armatus","Leptocottus","Cottidae","Perciformes","Actinopteri","Chordata","Eukaryota"
"728","ASV_0465","Oncorhynchus keta","species","Oncorhynchus keta","Oncorhynchus","Salmonidae","Salmoniformes","Actinopteri","Chordata","Eukaryota"
"729","ASV_0466","Clupea pallasii","species","Clupea pallasii","Clupea","Clupeidae","Clupeiformes","Actinopteri","Chordata","Eukaryota"
"730","ASV_0469","Pholis laeta","species","Pholis laeta","Pholis","Pholidae","Perciformes","Actinopteri","Chordata","Eukaryota"
"731","ASV_0471","Aulorhynchus flavidus","species","Aulorhynchus flavidus","Aulorhynchus","Aulorhynchidae","Perciformes","Actinopteri","Chordata","Eukaryota"
"732","ASV_0472","Leptocottus armatus","species","Leptocottus armatus","Leptocottus","Cottidae","Perciformes","Actinopteri","Chordata","Eukaryota"
"733","ASV_0473","Artedius lateralis","species","Artedius lateralis","Artedius","Cottidae","Perciformes","Actinopteri","Chordata","Eukaryota"
"734","ASV_0475","Leptocottus armatus","species","Leptocottus armatus","Leptocottus","Cottidae","Perciformes","Actinopteri","Chordata","Eukaryota"
"735","ASV_0476","Clupea pallasii","species","Clupea pallasii","Clupea","Clupeidae","Clupeiformes","Actinopteri","Chordata","Eukaryota"
"736","ASV_0477","Pleuronichthys coenosus","species","Pleuronichthys coenosus","Pleuronichthys","Pleuronectidae","Pleuronectiformes","Actinopteri","Chordata","Eukaryota"
"737","ASV_0482","Oncorhynchus gorbuscha","species","Oncorhynchus gorbuscha","Oncorhynchus","Salmonidae","Salmoniformes","Actinopteri","Chordata","Eukaryota"
"738","ASV_0484","Syngnathus leptorhynchus","species","Syngnathus leptorhynchus","Syngnathus","Syngnathidae","Syngnathiformes","Actinopteri","Chordata","Eukaryota"
"739","ASV_0485","Oncorhynchus gorbuscha","species","Oncorhynchus gorbuscha","Oncorhynchus","Salmonidae","Salmoniformes","Actinopteri","Chordata","Eukaryota"
"740","ASV_0487","Syngnathus leptorhynchus","species","Syngnathus leptorhynchus","Syngnathus","Syngnathidae","Syngnathiformes","Actinopteri","Chordata","Eukaryota"
"741","ASV_0490","Oncorhynchus keta","species","Oncorhynchus keta","Oncorhynchus","Salmonidae","Salmoniformes","Actinopteri","Chordata","Eukaryota"
"742","ASV_0495","Gasterosteus aculeatus","species","Gasterosteus aculeatus","Gasterosteus","Gasterosteidae","Perciformes","Actinopteri","Chordata","Eukaryota"
"743","ASV_0497","Clupea pallasii","species","Clupea pallasii","Clupea","Clupeidae","Clupeiformes","Actinopteri","Chordata","Eukaryota"
"744","ASV_0500","Oncorhynchus gorbuscha","species","Oncorhynchus gorbuscha","Oncorhynchus","Salmonidae","Salmoniformes","Actinopteri","Chordata","Eukaryota"
"745","ASV_0502","Gasterosteus aculeatus","species","Gasterosteus aculeatus","Gasterosteus","Gasterosteidae","Perciformes","Actinopteri","Chordata","Eukaryota"
"746","ASV_0506","Artedius lateralis","species","Artedius lateralis","Artedius","Cottidae","Perciformes","Actinopteri","Chordata","Eukaryota"
"747","ASV_0510","Clupea pallasii","species","Clupea pallasii","Clupea","Clupeidae","Clupeiformes","Actinopteri","Chordata","Eukaryota"
"748","ASV_0511","Clupea pallasii","species","Clupea pallasii","Clupea","Clupeidae","Clupeiformes","Actinopteri","Chordata","Eukaryota"
"749","ASV_0512","Embiotoca lateralis","species","Embiotoca lateralis","Embiotoca","Embiotocidae","","Actinopteri","Chordata","Eukaryota"
"750","ASV_0513","Clupea pallasii","species","Clupea pallasii","Clupea","Clupeidae","Clupeiformes","Actinopteri","Chordata","Eukaryota"
"751","ASV_0516","Oncorhynchus kisutch","species","Oncorhynchus kisutch","Oncorhynchus","Salmonidae","Salmoniformes","Actinopteri","Chordata","Eukaryota"
"752","ASV_0520","Oncorhynchus gorbuscha","species","Oncorhynchus gorbuscha","Oncorhynchus","Salmonidae","Salmoniformes","Actinopteri","Chordata","Eukaryota"
"753","ASV_0521","Citharichthys stigmaeus","species","Citharichthys stigmaeus","Citharichthys","Cyclopsettidae","Pleuronectiformes","Actinopteri","Chordata","Eukaryota"
"754","ASV_0525","Oncorhynchus gorbuscha","species","Oncorhynchus gorbuscha","Oncorhynchus","Salmonidae","Salmoniformes","Actinopteri","Chordata","Eukaryota"
"755","ASV_0529","Pholis laeta","species","Pholis laeta","Pholis","Pholidae","Perciformes","Actinopteri","Chordata","Eukaryota"
"756","ASV_0531","Leptocottus armatus","species","Leptocottus armatus","Leptocottus","Cottidae","Perciformes","Actinopteri","Chordata","Eukaryota"
"757","ASV_0535","Lumpenus sagitta","species","Lumpenus sagitta","Lumpenus","Stichaeidae","Perciformes","Actinopteri","Chordata","Eukaryota"
"758","ASV_0537","Oncorhynchus kisutch","species","Oncorhynchus kisutch","Oncorhynchus","Salmonidae","Salmoniformes","Actinopteri","Chordata","Eukaryota"
"759","ASV_0539","Clupea pallasii","species","Clupea pallasii","Clupea","Clupeidae","Clupeiformes","Actinopteri","Chordata","Eukaryota"
"760","ASV_0540","Gasterosteus aculeatus","species","Gasterosteus aculeatus","Gasterosteus","Gasterosteidae","Perciformes","Actinopteri","Chordata","Eukaryota"
"761","ASV_0541","Clupea pallasii","species","Clupea pallasii","Clupea","Clupeidae","Clupeiformes","Actinopteri","Chordata","Eukaryota"
"762","ASV_0542","Gasterosteus aculeatus","species","Gasterosteus aculeatus","Gasterosteus","Gasterosteidae","Perciformes","Actinopteri","Chordata","Eukaryota"
"763","ASV_0543","Pholis laeta","species","Pholis laeta","Pholis","Pholidae","Perciformes","Actinopteri","Chordata","Eukaryota"
"764","ASV_0545","Clupea pallasii","species","Clupea pallasii","Clupea","Clupeidae","Clupeiformes","Actinopteri","Chordata","Eukaryota"
"765","ASV_0546","Lumpenus sagitta","species","Lumpenus sagitta","Lumpenus","Stichaeidae","Perciformes","Actinopteri","Chordata","Eukaryota"
"766","ASV_0548","Clupea pallasii","species","Clupea pallasii","Clupea","Clupeidae","Clupeiformes","Actinopteri","Chordata","Eukaryota"
"767","ASV_0549","Oncorhynchus gorbuscha","species","Oncorhynchus gorbuscha","Oncorhynchus","Salmonidae","Salmoniformes","Actinopteri","Chordata","Eukaryota"
"768","ASV_0550","Gasterosteus aculeatus","species","Gasterosteus aculeatus","Gasterosteus","Gasterosteidae","Perciformes","Actinopteri","Chordata","Eukaryota"
"769","ASV_0551","Gasterosteus aculeatus","species","Gasterosteus aculeatus","Gasterosteus","Gasterosteidae","Perciformes","Actinopteri","Chordata","Eukaryota"
"770","ASV_0552","Pholis laeta","species","Pholis laeta","Pholis","Pholidae","Perciformes","Actinopteri","Chordata","Eukaryota"
"771","ASV_0553","Pholis laeta","species","Pholis laeta","Pholis","Pholidae","Perciformes","Actinopteri","Chordata","Eukaryota"
"772","ASV_0558","Citharichthys stigmaeus","species","Citharichthys stigmaeus","Citharichthys","Cyclopsettidae","Pleuronectiformes","Actinopteri","Chordata","Eukaryota"
"773","ASV_0559","Oncorhynchus kisutch","species","Oncorhynchus kisutch","Oncorhynchus","Salmonidae","Salmoniformes","Actinopteri","Chordata","Eukaryota"
"774","ASV_0560","Gasterosteus aculeatus","species","Gasterosteus aculeatus","Gasterosteus","Gasterosteidae","Perciformes","Actinopteri","Chordata","Eukaryota"
"775","ASV_0562","Oncorhynchus gorbuscha","species","Oncorhynchus gorbuscha","Oncorhynchus","Salmonidae","Salmoniformes","Actinopteri","Chordata","Eukaryota"
"776","ASV_0563","Pholis laeta","species","Pholis laeta","Pholis","Pholidae","Perciformes","Actinopteri","Chordata","Eukaryota"
"777","ASV_0568","Clupea pallasii","species","Clupea pallasii","Clupea","Clupeidae","Clupeiformes","Actinopteri","Chordata","Eukaryota"
"778","ASV_0569","Gasterosteus aculeatus","species","Gasterosteus aculeatus","Gasterosteus","Gasterosteidae","Perciformes","Actinopteri","Chordata","Eukaryota"
"779","ASV_0572","Leptocottus armatus","species","Leptocottus armatus","Leptocottus","Cottidae","Perciformes","Actinopteri","Chordata","Eukaryota"
"780","ASV_0574","Oncorhynchus keta","species","Oncorhynchus keta","Oncorhynchus","Salmonidae","Salmoniformes","Actinopteri","Chordata","Eukaryota"
"781","ASV_0575","Ammodytes personatus","species","Ammodytes personatus","Ammodytes","Ammodytidae","Uranoscopiformes","Actinopteri","Chordata","Eukaryota"
"782","ASV_0576","Clupea pallasii","species","Clupea pallasii","Clupea","Clupeidae","Clupeiformes","Actinopteri","Chordata","Eukaryota"
"783","ASV_0577","Clupea pallasii","species","Clupea pallasii","Clupea","Clupeidae","Clupeiformes","Actinopteri","Chordata","Eukaryota"
"784","ASV_0579","Clupea pallasii","species","Clupea pallasii","Clupea","Clupeidae","Clupeiformes","Actinopteri","Chordata","Eukaryota"
"785","ASV_0580","Gasterosteus aculeatus","species","Gasterosteus aculeatus","Gasterosteus","Gasterosteidae","Perciformes","Actinopteri","Chordata","Eukaryota"
"786","ASV_0586","Pholis laeta","species","Pholis laeta","Pholis","Pholidae","Perciformes","Actinopteri","Chordata","Eukaryota"
"787","ASV_0588","Gasterosteus aculeatus","species","Gasterosteus aculeatus","Gasterosteus","Gasterosteidae","Perciformes","Actinopteri","Chordata","Eukaryota"
"788","ASV_0590","Pholis laeta","species","Pholis laeta","Pholis","Pholidae","Perciformes","Actinopteri","Chordata","Eukaryota"
"789","ASV_0592","Pholis laeta","species","Pholis laeta","Pholis","Pholidae","Perciformes","Actinopteri","Chordata","Eukaryota"
"790","ASV_0593","Agonopsis vulsa","species","Agonopsis vulsa","Agonopsis","Agonidae","Perciformes","Actinopteri","Chordata","Eukaryota"
"791","ASV_0595","Gasterosteus aculeatus","species","Gasterosteus aculeatus","Gasterosteus","Gasterosteidae","Perciformes","Actinopteri","Chordata","Eukaryota"
"792","ASV_0599","Leptocottus armatus","species","Leptocottus armatus","Leptocottus","Cottidae","Perciformes","Actinopteri","Chordata","Eukaryota"
"793","ASV_0602","Clupea pallasii","species","Clupea pallasii","Clupea","Clupeidae","Clupeiformes","Actinopteri","Chordata","Eukaryota"
"794","ASV_0603","Clupea pallasii","species","Clupea pallasii","Clupea","Clupeidae","Clupeiformes","Actinopteri","Chordata","Eukaryota"
"795","ASV_0604","Pholis laeta","species","Pholis laeta","Pholis","Pholidae","Perciformes","Actinopteri","Chordata","Eukaryota"
"796","ASV_0605","Gasterosteus aculeatus","species","Gasterosteus aculeatus","Gasterosteus","Gasterosteidae","Perciformes","Actinopteri","Chordata","Eukaryota"
"797","ASV_0606","Lumpenus sagitta","species","Lumpenus sagitta","Lumpenus","Stichaeidae","Perciformes","Actinopteri","Chordata","Eukaryota"
"798","ASV_0608","Cottus cognatus","species","Cottus cognatus","Cottus","Cottidae","Perciformes","Actinopteri","Chordata","Eukaryota"
"799","ASV_0613","Oncorhynchus kisutch","species","Oncorhynchus kisutch","Oncorhynchus","Salmonidae","Salmoniformes","Actinopteri","Chordata","Eukaryota"
"800","ASV_0614","Oncorhynchus gorbuscha","species","Oncorhynchus gorbuscha","Oncorhynchus","Salmonidae","Salmoniformes","Actinopteri","Chordata","Eukaryota"
"801","ASV_0617","Gadus","genus",NA,"Gadus","Gadidae","Gadiformes","Actinopteri","Chordata","Eukaryota"
"802","ASV_0628","Pholis laeta","species","Pholis laeta","Pholis","Pholidae","Perciformes","Actinopteri","Chordata","Eukaryota"
"803","ASV_0630","Podothecus accipenserinus","species","Podothecus accipenserinus","Podothecus","Agonidae","Perciformes","Actinopteri","Chordata","Eukaryota"
"804","ASV_0635","Clupea pallasii","species","Clupea pallasii","Clupea","Clupeidae","Clupeiformes","Actinopteri","Chordata","Eukaryota"
"805","ASV_0639","Gasterosteus aculeatus","species","Gasterosteus aculeatus","Gasterosteus","Gasterosteidae","Perciformes","Actinopteri","Chordata","Eukaryota"
"806","ASV_0642","Gadus","genus",NA,"Gadus","Gadidae","Gadiformes","Actinopteri","Chordata","Eukaryota"
"807","ASV_0651","Syngnathus leptorhynchus","species","Syngnathus leptorhynchus","Syngnathus","Syngnathidae","Syngnathiformes","Actinopteri","Chordata","Eukaryota"
"808","ASV_0658","Citharichthys stigmaeus","species","Citharichthys stigmaeus","Citharichthys","Cyclopsettidae","Pleuronectiformes","Actinopteri","Chordata","Eukaryota"
"809","ASV_0673","Ammodytes personatus","species","Ammodytes personatus","Ammodytes","Ammodytidae","Uranoscopiformes","Actinopteri","Chordata","Eukaryota"
"810","ASV_0684","Pholis laeta","species","Pholis laeta","Pholis","Pholidae","Perciformes","Actinopteri","Chordata","Eukaryota"
"811","ASV_0685","Clupea pallasii","species","Clupea pallasii","Clupea","Clupeidae","Clupeiformes","Actinopteri","Chordata","Eukaryota"
"812","ASV_0688","Gasterosteus aculeatus","species","Gasterosteus aculeatus","Gasterosteus","Gasterosteidae","Perciformes","Actinopteri","Chordata","Eukaryota"
"813","ASV_0699","Clupea pallasii","species","Clupea pallasii","Clupea","Clupeidae","Clupeiformes","Actinopteri","Chordata","Eukaryota"
"814","ASV_0703","Gasterosteus aculeatus","species","Gasterosteus aculeatus","Gasterosteus","Gasterosteidae","Perciformes","Actinopteri","Chordata","Eukaryota"
"815","ASV_0740","Gadus","genus",NA,"Gadus","Gadidae","Gadiformes","Actinopteri","Chordata","Eukaryota"
"816","ASV_0761","Gasterosteus aculeatus","species","Gasterosteus aculeatus","Gasterosteus","Gasterosteidae","Perciformes","Actinopteri","Chordata","Eukaryota"
"817","ASV_0788","Clupea pallasii","species","Clupea pallasii","Clupea","Clupeidae","Clupeiformes","Actinopteri","Chordata","Eukaryota"
"818","ASV_0819","Oncorhynchus clarkii","species","Oncorhynchus clarkii","Oncorhynchus","Salmonidae","Salmoniformes","Actinopteri","Chordata","Eukaryota"
"819","ASV_0050","Rhinogobiops nicholsii","species","Rhinogobiops nicholsii","Rhinogobiops","Gobiidae","Gobiiformes","Actinopteri","Chordata","Eukaryota"
"820","ASV_0244","Enophrys bison","species","Enophrys bison","Enophrys","Cottidae","Perciformes","Actinopteri","Chordata","Eukaryota"
"821","ASV_0277","Oligocottus maculosus","species","Oligocottus maculosus","Oligocottus","Cottidae","Perciformes","Actinopteri","Chordata","Eukaryota"
"822","ASV_0643","Rhinogobiops nicholsii","species","Rhinogobiops nicholsii","Rhinogobiops","Gobiidae","Gobiiformes","Actinopteri","Chordata","Eukaryota"
"823","ASV_0621","Artedius lateralis","species","Artedius lateralis","Artedius","Cottidae","Perciformes","Actinopteri","Chordata","Eukaryota"
"824","ASV_0075","Artedius harringtoni","species","Artedius harringtoni","Artedius","Cottidae","Perciformes","Actinopteri","Chordata","Eukaryota"
"825","ASV_0632","Artedius harringtoni","species","Artedius harringtoni","Artedius","Cottidae","Perciformes","Actinopteri","Chordata","Eukaryota"
"826","ASV_0492","Artedius lateralis","species","Artedius lateralis","Artedius","Cottidae","Perciformes","Actinopteri","Chordata","Eukaryota"
"827","ASV_0478","Enophrys bison","species","Enophrys bison","Enophrys","Cottidae","Perciformes","Actinopteri","Chordata","Eukaryota"
"828","ASV_0439","Oligocottus maculosus","species","Oligocottus maculosus","Oligocottus","Cottidae","Perciformes","Actinopteri","Chordata","Eukaryota"
"829","ASV_0532","Oligocottus maculosus","species","Oligocottus maculosus","Oligocottus","Cottidae","Perciformes","Actinopteri","Chordata","Eukaryota"
"830","ASV_0114","Gasterosteus aculeatus","species","Gasterosteus aculeatus","Gasterosteus","Gasterosteidae","Perciformes","Actinopteri","Chordata","Eukaryota"
"831","ASV_0594","Gobiesox maeandricus","species","Gobiesox maeandricus","Gobiesox","Gobiesocidae","Blenniiformes","Actinopteri","Chordata","Eukaryota"
"832","ASV_0082","Gobiesox maeandricus","species","Gobiesox maeandricus","Gobiesox","Gobiesocidae","Blenniiformes","Actinopteri","Chordata","Eukaryota"
"833","ASV_0868","Ammodytes personatus","species","Ammodytes personatus","Ammodytes","Ammodytidae","Uranoscopiformes","Actinopteri","Chordata","Eukaryota"
"834","ASV_0014","Ophiodon elongatus","species","Ophiodon elongatus","Ophiodon","Hexagrammidae","Perciformes","Actinopteri","Chordata","Eukaryota"
"835","ASV_0667","Ophiodon elongatus","species","Ophiodon elongatus","Ophiodon","Hexagrammidae","Perciformes","Actinopteri","Chordata","Eukaryota"
"836","ASV_0533","Ophiodon elongatus","species","Ophiodon elongatus","Ophiodon","Hexagrammidae","Perciformes","Actinopteri","Chordata","Eukaryota"
"837","ASV_0182","Ronquilus jordani","species","Ronquilus jordani","Ronquilus","Bathymasteridae","Perciformes","Actinopteri","Chordata","Eukaryota"
"838","ASV_0864","Triglops scepticus","species","Triglops scepticus","Triglops","Cottidae","Perciformes","Actinopteri","Chordata","Eukaryota"
"839","ASV_0675","Enophrys bison","species","Enophrys bison","Enophrys","Cottidae","Perciformes","Actinopteri","Chordata","Eukaryota"
"840","ASV_0413","Enophrys bison","species","Enophrys bison","Enophrys","Cottidae","Perciformes","Actinopteri","Chordata","Eukaryota"
"841","ASV_0022","Enophrys bison","species","Enophrys bison","Enophrys","Cottidae","Perciformes","Actinopteri","Chordata","Eukaryota"
"842","ASV_0505","Enophrys bison","species","Enophrys bison","Enophrys","Cottidae","Perciformes","Actinopteri","Chordata","Eukaryota"
"843","ASV_0309","Enophrys bison","species","Enophrys bison","Enophrys","Cottidae","Perciformes","Actinopteri","Chordata","Eukaryota"
"844","ASV_0234","Enophrys bison","species","Enophrys bison","Enophrys","Cottidae","Perciformes","Actinopteri","Chordata","Eukaryota"
"845","ASV_0341","Enophrys bison","species","Enophrys bison","Enophrys","Cottidae","Perciformes","Actinopteri","Chordata","Eukaryota"
"846","ASV_0853","Leptocottus armatus","species","Leptocottus armatus","Leptocottus","Cottidae","Perciformes","Actinopteri","Chordata","Eukaryota"
"847","ASV_0169","Leptocottus armatus","species","Leptocottus armatus","Leptocottus","Cottidae","Perciformes","Actinopteri","Chordata","Eukaryota"
"848","ASV_0202","Leptocottus armatus","species","Leptocottus armatus","Leptocottus","Cottidae","Perciformes","Actinopteri","Chordata","Eukaryota"
"849","ASV_0117","Lepidogobius lepidus","species","Lepidogobius lepidus","Lepidogobius","Gobiidae","Gobiiformes","Actinopteri","Chordata","Eukaryota"
"850","ASV_0238","Clinocottus embryum","species","Clinocottus embryum","Clinocottus","Cottidae","Perciformes","Actinopteri","Chordata","Eukaryota"
"851","ASV_0306","Oligocottus snyderi","species","Oligocottus snyderi","Oligocottus","Cottidae","Perciformes","Actinopteri","Chordata","Eukaryota"
"852","ASV_0132","Oligocottus maculosus","species","Oligocottus maculosus","Oligocottus","Cottidae","Perciformes","Actinopteri","Chordata","Eukaryota"
"853","ASV_0459","Oligocottus maculosus","species","Oligocottus maculosus","Oligocottus","Cottidae","Perciformes","Actinopteri","Chordata","Eukaryota"
"854","ASV_0231","Oligocottus maculosus","species","Oligocottus maculosus","Oligocottus","Cottidae","Perciformes","Actinopteri","Chordata","Eukaryota"
"855","ASV_0404","Oligocottus maculosus","species","Oligocottus maculosus","Oligocottus","Cottidae","Perciformes","Actinopteri","Chordata","Eukaryota"
"856","ASV_0336","Oligocottus maculosus","species","Oligocottus maculosus","Oligocottus","Cottidae","Perciformes","Actinopteri","Chordata","Eukaryota"
"857","ASV_0584","Oligocottus maculosus","species","Oligocottus maculosus","Oligocottus","Cottidae","Perciformes","Actinopteri","Chordata","Eukaryota"
"858","ASV_0100","Oligocottus maculosus","species","Oligocottus maculosus","Oligocottus","Cottidae","Perciformes","Actinopteri","Chordata","Eukaryota"
"859","ASV_0127","Oligocottus maculosus","species","Oligocottus maculosus","Oligocottus","Cottidae","Perciformes","Actinopteri","Chordata","Eukaryota"
"860","ASV_0534","Oligocottus maculosus","species","Oligocottus maculosus","Oligocottus","Cottidae","Perciformes","Actinopteri","Chordata","Eukaryota"
"861","ASV_0016","Oligocottus maculosus","species","Oligocottus maculosus","Oligocottus","Cottidae","Perciformes","Actinopteri","Chordata","Eukaryota"
"862","ASV_0418","Oligocottus maculosus","species","Oligocottus maculosus","Oligocottus","Cottidae","Perciformes","Actinopteri","Chordata","Eukaryota"
"863","ASV_0089","Oligocottus maculosus","species","Oligocottus maculosus","Oligocottus","Cottidae","Perciformes","Actinopteri","Chordata","Eukaryota"
"864","ASV_0187","Oligocottus maculosus","species","Oligocottus maculosus","Oligocottus","Cottidae","Perciformes","Actinopteri","Chordata","Eukaryota"
"865","ASV_0578","Oligocottus maculosus","species","Oligocottus maculosus","Oligocottus","Cottidae","Perciformes","Actinopteri","Chordata","Eukaryota"
"866","ASV_0624","Oligocottus maculosus","species","Oligocottus maculosus","Oligocottus","Cottidae","Perciformes","Actinopteri","Chordata","Eukaryota"
"867","ASV_0369","Oligocottus maculosus","species","Oligocottus maculosus","Oligocottus","Cottidae","Perciformes","Actinopteri","Chordata","Eukaryota"
"868","ASV_0501","Oligocottus maculosus","species","Oligocottus maculosus","Oligocottus","Cottidae","Perciformes","Actinopteri","Chordata","Eukaryota"
"869","ASV_0656","Oligocottus maculosus","species","Oligocottus maculosus","Oligocottus","Cottidae","Perciformes","Actinopteri","Chordata","Eukaryota"
"870","ASV_0398","Oligocottus maculosus","species","Oligocottus maculosus","Oligocottus","Cottidae","Perciformes","Actinopteri","Chordata","Eukaryota"
"871","ASV_0556","Oligocottus maculosus","species","Oligocottus maculosus","Oligocottus","Cottidae","Perciformes","Actinopteri","Chordata","Eukaryota"
"872","ASV_0337","Oligocottus maculosus","species","Oligocottus maculosus","Oligocottus","Cottidae","Perciformes","Actinopteri","Chordata","Eukaryota"
"873","ASV_0102","Oligocottus maculosus","species","Oligocottus maculosus","Oligocottus","Cottidae","Perciformes","Actinopteri","Chordata","Eukaryota"
"874","ASV_0271","Oligocottus maculosus","species","Oligocottus maculosus","Oligocottus","Cottidae","Perciformes","Actinopteri","Chordata","Eukaryota"
"875","ASV_0313","Oligocottus maculosus","species","Oligocottus maculosus","Oligocottus","Cottidae","Perciformes","Actinopteri","Chordata","Eukaryota"
"876","ASV_0567","Oligocottus maculosus","species","Oligocottus maculosus","Oligocottus","Cottidae","Perciformes","Actinopteri","Chordata","Eukaryota"
"877","ASV_0830","Blepsias cirrhosus","species","Blepsias cirrhosus","Blepsias","Agonidae","Perciformes","Actinopteri","Chordata","Eukaryota"
"878","ASV_0460","Hemilepidotus hemilepidotus","species","Hemilepidotus hemilepidotus","Hemilepidotus","Cottidae","Perciformes","Actinopteri","Chordata","Eukaryota"
"879","ASV_0601","Hexagrammos decagrammus","species","Hexagrammos decagrammus","Hexagrammos","Hexagrammidae","Perciformes","Actinopteri","Chordata","Eukaryota"
"880","ASV_0660","Hexagrammos decagrammus","species","Hexagrammos decagrammus","Hexagrammos","Hexagrammidae","Perciformes","Actinopteri","Chordata","Eukaryota"
"881","ASV_0207","Scorpaenichthys marmoratus","species","Scorpaenichthys marmoratus","Scorpaenichthys","Cottidae","Perciformes","Actinopteri","Chordata","Eukaryota"
"882","ASV_0343","Oxylebius pictus","species","Oxylebius pictus","Oxylebius","Hexagrammidae","Perciformes","Actinopteri","Chordata","Eukaryota"
"883","ASV_0677","Rhamphocottus richardsonii","species","Rhamphocottus richardsonii","Rhamphocottus","Rhamphocottidae","Perciformes","Actinopteri","Chordata","Eukaryota"
"884","ASV_0051","Gasterosteus aculeatus","species","Gasterosteus aculeatus","Gasterosteus","Gasterosteidae","Perciformes","Actinopteri","Chordata","Eukaryota"
"885","ASV_0252","Gasterosteus aculeatus","species","Gasterosteus aculeatus","Gasterosteus","Gasterosteidae","Perciformes","Actinopteri","Chordata","Eukaryota"
"886","ASV_0696","Hemilepidotus hemilepidotus","species","Hemilepidotus hemilepidotus","Hemilepidotus","Cottidae","Perciformes","Actinopteri","Chordata","Eukaryota"
"887","ASV_0162","Hemilepidotus hemilepidotus","species","Hemilepidotus hemilepidotus","Hemilepidotus","Cottidae","Perciformes","Actinopteri","Chordata","Eukaryota"
"888","ASV_0165","Nautichthys oculofasciatus","species","Nautichthys oculofasciatus","Nautichthys","Agonidae","Perciformes","Actinopteri","Chordata","Eukaryota"
"889","ASV_0007","Acipenser fulvescens","species","Acipenser fulvescens","Acipenser","Acipenseridae","Acipenseriformes","Actinopteri","Chordata","Eukaryota"
"890","ASV_0047","Acipenser fulvescens","species","Acipenser fulvescens","Acipenser","Acipenseridae","Acipenseriformes","Actinopteri","Chordata","Eukaryota"
"891","ASV_0611","Oncorhynchus gorbuscha","species","Oncorhynchus gorbuscha","Oncorhynchus","Salmonidae","Salmoniformes","Actinopteri","Chordata","Eukaryota"
"892","ASV_0581","Clupea pallasii","species","Clupea pallasii","Clupea","Clupeidae","Clupeiformes","Actinopteri","Chordata","Eukaryota"
"893","ASV_0736","Citharichthys stigmaeus","species","Citharichthys stigmaeus","Citharichthys","Cyclopsettidae","Pleuronectiformes","Actinopteri","Chordata","Eukaryota"
"894","ASV_0322","Cymatogaster aggregata","species","Cymatogaster aggregata","Cymatogaster","Embiotocidae","","Actinopteri","Chordata","Eukaryota"
"895","ASV_0488","Cymatogaster aggregata","species","Cymatogaster aggregata","Cymatogaster","Embiotocidae","","Actinopteri","Chordata","Eukaryota"
"896","ASV_0442","Cymatogaster aggregata","species","Cymatogaster aggregata","Cymatogaster","Embiotocidae","","Actinopteri","Chordata","Eukaryota"
"897","ASV_0092","Cymatogaster aggregata","species","Cymatogaster aggregata","Cymatogaster","Embiotocidae","","Actinopteri","Chordata","Eukaryota"
"898","ASV_0518","Cymatogaster aggregata","species","Cymatogaster aggregata","Cymatogaster","Embiotocidae","","Actinopteri","Chordata","Eukaryota"
"899","ASV_0323","Cymatogaster aggregata","species","Cymatogaster aggregata","Cymatogaster","Embiotocidae","","Actinopteri","Chordata","Eukaryota"
"900","ASV_0329","Cymatogaster aggregata","species","Cymatogaster aggregata","Cymatogaster","Embiotocidae","","Actinopteri","Chordata","Eukaryota"
"901","ASV_0447","Cymatogaster aggregata","species","Cymatogaster aggregata","Cymatogaster","Embiotocidae","","Actinopteri","Chordata","Eukaryota"
"902","ASV_0134","Cymatogaster aggregata","species","Cymatogaster aggregata","Cymatogaster","Embiotocidae","","Actinopteri","Chordata","Eukaryota"
"903","ASV_0355","Cymatogaster aggregata","species","Cymatogaster aggregata","Cymatogaster","Embiotocidae","","Actinopteri","Chordata","Eukaryota"
"904","ASV_0394","Cymatogaster aggregata","species","Cymatogaster aggregata","Cymatogaster","Embiotocidae","","Actinopteri","Chordata","Eukaryota"
"905","ASV_0293","Cymatogaster aggregata","species","Cymatogaster aggregata","Cymatogaster","Embiotocidae","","Actinopteri","Chordata","Eukaryota"
"906","ASV_0081","Cymatogaster aggregata","species","Cymatogaster aggregata","Cymatogaster","Embiotocidae","","Actinopteri","Chordata","Eukaryota"
"907","ASV_0573","Cymatogaster aggregata","species","Cymatogaster aggregata","Cymatogaster","Embiotocidae","","Actinopteri","Chordata","Eukaryota"
"908","ASV_0093","Cymatogaster aggregata","species","Cymatogaster aggregata","Cymatogaster","Embiotocidae","","Actinopteri","Chordata","Eukaryota"
"909","ASV_0408","Cymatogaster aggregata","species","Cymatogaster aggregata","Cymatogaster","Embiotocidae","","Actinopteri","Chordata","Eukaryota"
"910","ASV_0001","Cymatogaster aggregata","species","Cymatogaster aggregata","Cymatogaster","Embiotocidae","","Actinopteri","Chordata","Eukaryota"
"911","ASV_0299","Cymatogaster aggregata","species","Cymatogaster aggregata","Cymatogaster","Embiotocidae","","Actinopteri","Chordata","Eukaryota"
"912","ASV_0436","Cymatogaster aggregata","species","Cymatogaster aggregata","Cymatogaster","Embiotocidae","","Actinopteri","Chordata","Eukaryota"
"913","ASV_0311","Cymatogaster aggregata","species","Cymatogaster aggregata","Cymatogaster","Embiotocidae","","Actinopteri","Chordata","Eukaryota"
"914","ASV_0235","Cymatogaster aggregata","species","Cymatogaster aggregata","Cymatogaster","Embiotocidae","","Actinopteri","Chordata","Eukaryota"
"915","ASV_0486","Cymatogaster aggregata","species","Cymatogaster aggregata","Cymatogaster","Embiotocidae","","Actinopteri","Chordata","Eukaryota"
"916","ASV_0517","Cymatogaster aggregata","species","Cymatogaster aggregata","Cymatogaster","Embiotocidae","","Actinopteri","Chordata","Eukaryota"
"917","ASV_0318","Cymatogaster aggregata","species","Cymatogaster aggregata","Cymatogaster","Embiotocidae","","Actinopteri","Chordata","Eukaryota"
"918","ASV_0366","Cymatogaster aggregata","species","Cymatogaster aggregata","Cymatogaster","Embiotocidae","","Actinopteri","Chordata","Eukaryota"
"919","ASV_0295","Cymatogaster aggregata","species","Cymatogaster aggregata","Cymatogaster","Embiotocidae","","Actinopteri","Chordata","Eukaryota"
"920","ASV_0276","Cymatogaster aggregata","species","Cymatogaster aggregata","Cymatogaster","Embiotocidae","","Actinopteri","Chordata","Eukaryota"
"921","ASV_0474","Cymatogaster aggregata","species","Cymatogaster aggregata","Cymatogaster","Embiotocidae","","Actinopteri","Chordata","Eukaryota"
"922","ASV_0324","Cymatogaster aggregata","species","Cymatogaster aggregata","Cymatogaster","Embiotocidae","","Actinopteri","Chordata","Eukaryota"
"923","ASV_0383","Cymatogaster aggregata","species","Cymatogaster aggregata","Cymatogaster","Embiotocidae","","Actinopteri","Chordata","Eukaryota"
"924","ASV_0481","Cymatogaster aggregata","species","Cymatogaster aggregata","Cymatogaster","Embiotocidae","","Actinopteri","Chordata","Eukaryota"
"925","ASV_0565","Cymatogaster aggregata","species","Cymatogaster aggregata","Cymatogaster","Embiotocidae","","Actinopteri","Chordata","Eukaryota"
"926","ASV_0715","Cymatogaster aggregata","species","Cymatogaster aggregata","Cymatogaster","Embiotocidae","","Actinopteri","Chordata","Eukaryota"
"927","ASV_0566","Cymatogaster aggregata","species","Cymatogaster aggregata","Cymatogaster","Embiotocidae","","Actinopteri","Chordata","Eukaryota"
"928","ASV_0375","Cymatogaster aggregata","species","Cymatogaster aggregata","Cymatogaster","Embiotocidae","","Actinopteri","Chordata","Eukaryota"
"929","ASV_0035","Cymatogaster aggregata","species","Cymatogaster aggregata","Cymatogaster","Embiotocidae","","Actinopteri","Chordata","Eukaryota"
"930","ASV_0265","Cymatogaster aggregata","species","Cymatogaster aggregata","Cymatogaster","Embiotocidae","","Actinopteri","Chordata","Eukaryota"
"931","ASV_0524","Oligocottus maculosus","species","Oligocottus maculosus","Oligocottus","Cottidae","Perciformes","Actinopteri","Chordata","Eukaryota"
"932","ASV_0631","Clinocottus acuticeps","species","Clinocottus acuticeps","Clinocottus","Cottidae","Perciformes","Actinopteri","Chordata","Eukaryota"
"933","ASV_0444","Clinocottus acuticeps","species","Clinocottus acuticeps","Clinocottus","Cottidae","Perciformes","Actinopteri","Chordata","Eukaryota"
"934","ASV_0523","Clinocottus acuticeps","species","Clinocottus acuticeps","Clinocottus","Cottidae","Perciformes","Actinopteri","Chordata","Eukaryota"
"935","ASV_0037","Clinocottus acuticeps","species","Clinocottus acuticeps","Clinocottus","Cottidae","Perciformes","Actinopteri","Chordata","Eukaryota"
"936","ASV_0146","Clinocottus acuticeps","species","Clinocottus acuticeps","Clinocottus","Cottidae","Perciformes","Actinopteri","Chordata","Eukaryota"
"937","ASV_0297","Clinocottus acuticeps","species","Clinocottus acuticeps","Clinocottus","Cottidae","Perciformes","Actinopteri","Chordata","Eukaryota"
"938","ASV_0112","Artedius fenestralis","species","Artedius fenestralis","Artedius","Cottidae","Perciformes","Actinopteri","Chordata","Eukaryota"
"939","ASV_0025","Artedius fenestralis","species","Artedius fenestralis","Artedius","Cottidae","Perciformes","Actinopteri","Chordata","Eukaryota"
"940","ASV_0220","Artedius fenestralis","species","Artedius fenestralis","Artedius","Cottidae","Perciformes","Actinopteri","Chordata","Eukaryota"
"941","ASV_0479","Artedius fenestralis","species","Artedius fenestralis","Artedius","Cottidae","Perciformes","Actinopteri","Chordata","Eukaryota"
"942","ASV_0174","Artedius fenestralis","species","Artedius fenestralis","Artedius","Cottidae","Perciformes","Actinopteri","Chordata","Eukaryota"
"943","ASV_0358","Artedius fenestralis","species","Artedius fenestralis","Artedius","Cottidae","Perciformes","Actinopteri","Chordata","Eukaryota"
"944","ASV_0414","Cymatogaster aggregata","species","Cymatogaster aggregata","Cymatogaster","Embiotocidae","","Actinopteri","Chordata","Eukaryota"
"945","ASV_0177","Hemilepidotus hemilepidotus","species","Hemilepidotus hemilepidotus","Hemilepidotus","Cottidae","Perciformes","Actinopteri","Chordata","Eukaryota"
"946","ASV_0350","Cymatogaster aggregata","species","Cymatogaster aggregata","Cymatogaster","Embiotocidae","","Actinopteri","Chordata","Eukaryota"
"947","ASV_0119","Synchirus gilli","species","Synchirus gilli","Synchirus","Cottidae","Perciformes","Actinopteri","Chordata","Eukaryota"
"948","ASV_0096","Brachyistius frenatus","species","Brachyistius frenatus","Brachyistius","Embiotocidae","","Actinopteri","Chordata","Eukaryota"
"949","ASV_0753","Brachyistius frenatus","species","Brachyistius frenatus","Brachyistius","Embiotocidae","","Actinopteri","Chordata","Eukaryota"
