sample_ID,extraction_ID,seq_date,alternative_ID,collection_year,collection_month,collection_day,location1,location2,location3,longitude,latitude,sample_type,collected_by,extraction_by,extraction_date
e00289-A,e00289,20240701,2021_SYLB_A_1,2021,6,8,Sylburn harbor eel,NA,NA,NA,NA,sample,LKD,LKD,2021_11_18
e00289-B,e00289,20240701,2021_SYLB_A_1,2021,6,8,Sylburn harbor eel,NA,NA,NA,NA,sample,LKD,LKD,2021_11_18
e00289-C,e00289,20240701,2021_SYLB_A_1,2021,6,8,Sylburn harbor eel,NA,NA,NA,NA,sample,LKD,LKD,2021_11_18
e00290-A,e00290,20240701,2021_SYLB_A_2,2021,6,8,Sylburn harbor eel,NA,NA,NA,NA,sample,LKD,LKD,2021_11_18
e00290-B,e00290,20240701,2021_SYLB_A_2,2021,6,8,Sylburn harbor eel,NA,NA,NA,NA,sample,LKD,LKD,2021_11_18
e00290-C,e00290,20240701,2021_SYLB_A_2,2021,6,8,Sylburn harbor eel,NA,NA,NA,NA,sample,LKD,LKD,2021_11_18
e00291-A,e00291,20240701,2021_SYLB_A_3,2021,6,8,Sylburn harbor eel,NA,NA,NA,NA,sample,LKD,LKD,2021_11_18
e00291-B,e00291,20240701,2021_SYLB_A_3,2021,6,8,Sylburn harbor eel,NA,NA,NA,NA,sample,LKD,LKD,2021_11_18
e00291-C,e00291,20240701,2021_SYLB_A_3,2021,6,8,Sylburn harbor eel,NA,NA,NA,NA,sample,LKD,LKD,2021_11_18
e00292-A,e00292,20240701,2021_SYLB_A_4,2021,6,8,Sylburn harbor eel,NA,NA,NA,NA,field_blank,LKD,LKD,2021_11_18
e00292-B,e00292,20240701,2021_SYLB_A_4,2021,6,8,Sylburn harbor eel,NA,NA,NA,NA,field_blank,LKD,LKD,2021_11_18
e00292-C,e00292,20240701,2021_SYLB_A_4,2021,6,8,Sylburn harbor eel,NA,NA,NA,NA,field_blank,LKD,LKD,2021_11_18
e00293-A,e00293,20240701,2021_SYLB_B_1,2021,6,9,Sylburn harbor kelp,NA,NA,NA,NA,sample,LKD,LKD,2021_11_18
e00293-B,e00293,20240701,2021_SYLB_B_1,2021,6,9,Sylburn harbor kelp,NA,NA,NA,NA,sample,LKD,LKD,2021_11_18
e00293-C,e00293,20240701,2021_SYLB_B_1,2021,6,9,Sylburn harbor kelp,NA,NA,NA,NA,sample,LKD,LKD,2021_11_18
e00294-A,e00294,20240701,2021_SYLB_B_2,2021,6,9,Sylburn harbor kelp,NA,NA,NA,NA,sample,LKD,LKD,2021_11_18
e00294-B,e00294,20240701,2021_SYLB_B_2,2021,6,9,Sylburn harbor kelp,NA,NA,NA,NA,sample,LKD,LKD,2021_11_18
e00294-C,e00294,20240701,2021_SYLB_B_2,2021,6,9,Sylburn harbor kelp,NA,NA,NA,NA,sample,LKD,LKD,2021_11_18
e00295-A,e00295,20240701,2021_SYLB_B_3,2021,6,9,Sylburn harbor kelp,NA,NA,NA,NA,sample,LKD,LKD,2021_11_18
e00295-B,e00295,20240701,2021_SYLB_B_3,2021,6,9,Sylburn harbor kelp,NA,NA,NA,NA,sample,LKD,LKD,2021_11_18
e00295-C,e00295,20240701,2021_SYLB_B_3,2021,6,9,Sylburn harbor kelp,NA,NA,NA,NA,sample,LKD,LKD,2021_11_18
e00296-A,e00296,20240701,2021_SYLB_B_4,2021,6,9,Sylburn harbor kelp,NA,NA,NA,NA,field_blank,LKD,LKD,2021_11_18
e00296-B,e00296,20240701,2021_SYLB_B_4,2021,6,9,Sylburn harbor kelp,NA,NA,NA,NA,field_blank,LKD,LKD,2021_11_18
e00296-C,e00296,20240701,2021_SYLB_B_4,2021,6,9,Sylburn harbor kelp,NA,NA,NA,NA,field_blank,LKD,LKD,2021_11_18
e00297-A,e00297,20240701,2021_REEF_A_1,2021,6,10,Reef harbor eel,NA,NA,NA,NA,sample,LKD,LKD,2021_11_18
e00297-B,e00297,20240701,2021_REEF_A_1,2021,6,10,Reef harbor eel,NA,NA,NA,NA,sample,LKD,LKD,2021_11_18
e00297-C,e00297,20240701,2021_REEF_A_1,2021,6,10,Reef harbor eel,NA,NA,NA,NA,sample,LKD,LKD,2021_11_18
e00298-A,e00298,20240701,2021_REEF_A_2,2021,6,10,Reef harbor eel,NA,NA,NA,NA,sample,LKD,LKD,2021_11_18
e00298-B,e00298,20240701,2021_REEF_A_2,2021,6,10,Reef harbor eel,NA,NA,NA,NA,sample,LKD,LKD,2021_11_18
e00298-C,e00298,20240701,2021_REEF_A_2,2021,6,10,Reef harbor eel,NA,NA,NA,NA,sample,LKD,LKD,2021_11_18
e00299-A,e00299,20240701,2021_REEF_A_3,2021,6,10,Reef harbor eel,NA,NA,NA,NA,sample,LKD,LKD,2021_11_18
e00299-B,e00299,20240701,2021_REEF_A_3,2021,6,10,Reef harbor eel,NA,NA,NA,NA,sample,LKD,LKD,2021_11_18
e00299-C,e00299,20240701,2021_REEF_A_3,2021,6,10,Reef harbor eel,NA,NA,NA,NA,sample,LKD,LKD,2021_11_18
e00300-A,e00300,20240701,2021_REEF_A_4,2021,6,10,Reef harbor eel,NA,NA,NA,NA,field_blank,LKD,LKD,2021_11_18
e00300-B,e00300,20240701,2021_REEF_A_4,2021,6,10,Reef harbor eel,NA,NA,NA,NA,field_blank,LKD,LKD,2021_11_18
e00300-C,e00300,20240701,2021_REEF_A_4,2021,6,10,Reef harbor eel,NA,NA,NA,NA,field_blank,LKD,LKD,2021_11_18
e00301-A,e00301,20240701,2021_REEF_B_1,2021,6,13,Reef harbor kelp,NA,NA,NA,NA,sample,LKD,LKD,2021_11_18
e00301-B,e00301,20240701,2021_REEF_B_1,2021,6,13,Reef harbor kelp,NA,NA,NA,NA,sample,LKD,LKD,2021_11_18
e00301-C,e00301,20240701,2021_REEF_B_1,2021,6,13,Reef harbor kelp,NA,NA,NA,NA,sample,LKD,LKD,2021_11_18
e00302-A,e00302,20240701,2021_REEF_B_2,2021,6,13,Reef harbor kelp,NA,NA,NA,NA,sample,LKD,LKD,2021_11_18
e00302-B,e00302,20240701,2021_REEF_B_2,2021,6,13,Reef harbor kelp,NA,NA,NA,NA,sample,LKD,LKD,2021_11_18
e00302-C,e00302,20240701,2021_REEF_B_2,2021,6,13,Reef harbor kelp,NA,NA,NA,NA,sample,LKD,LKD,2021_11_18
e00303-A,e00303,20240701,2021_REEF_B_3,2021,6,13,Reef harbor kelp,NA,NA,NA,NA,sample,LKD,LKD,2021_11_18
e00303-B,e00303,20240701,2021_REEF_B_3,2021,6,13,Reef harbor kelp,NA,NA,NA,NA,sample,LKD,LKD,2021_11_18
e00303-C,e00303,20240701,2021_REEF_B_3,2021,6,13,Reef harbor kelp,NA,NA,NA,NA,sample,LKD,LKD,2021_11_18
e00304-A,e00304,20240701,2021_REEF_B_4,2021,6,13,Reef harbor kelp,NA,NA,NA,NA,field_blank,LKD,LKD,2021_11_18
e00304-B,e00304,20240701,2021_REEF_B_4,2021,6,13,Reef harbor kelp,NA,NA,NA,NA,field_blank,LKD,LKD,2021_11_18
e00304-C,e00304,20240701,2021_REEF_B_4,2021,6,13,Reef harbor kelp,NA,NA,NA,NA,field_blank,LKD,LKD,2021_11_18
e00305-A,e00305,20240701,2021_KAHS_A_1,2021,6,11,Kah shakes eel,NA,NA,NA,NA,sample,LKD,LKD,2021_11_18
e00305-B,e00305,20240701,2021_KAHS_A_1,2021,6,11,Kah shakes eel,NA,NA,NA,NA,sample,LKD,LKD,2021_11_18
e00305-C,e00305,20240701,2021_KAHS_A_1,2021,6,11,Kah shakes eel,NA,NA,NA,NA,sample,LKD,LKD,2021_11_18
e00306-A,e00306,20240701,2021_KAHS_A_2,2021,6,11,Kah shakes eel,NA,NA,NA,NA,sample,LKD,LKD,2021_11_18
e00306-B,e00306,20240701,2021_KAHS_A_2,2021,6,11,Kah shakes eel,NA,NA,NA,NA,sample,LKD,LKD,2021_11_18
e00306-C,e00306,20240701,2021_KAHS_A_2,2021,6,11,Kah shakes eel,NA,NA,NA,NA,sample,LKD,LKD,2021_11_18
e00307-A,e00307,20240701,2021_KAHS_A_3,2021,6,11,Kah shakes eel,NA,NA,NA,NA,sample,LKD,LKD,2021_11_18
e00307-B,e00307,20240701,2021_KAHS_A_3,2021,6,11,Kah shakes eel,NA,NA,NA,NA,sample,LKD,LKD,2021_11_18
e00307-C,e00307,20240701,2021_KAHS_A_3,2021,6,11,Kah shakes eel,NA,NA,NA,NA,sample,LKD,LKD,2021_11_18
e00308-A,e00308,20240701,2021_KAHS_A_4,2021,6,11,Kah shakes eel,NA,NA,NA,NA,field_blank,LKD,LKD,2021_11_18
e00308-B,e00308,20240701,2021_KAHS_A_4,2021,6,11,Kah shakes eel,NA,NA,NA,NA,field_blank,LKD,LKD,2021_11_18
e00308-C,e00308,20240701,2021_KAHS_A_4,2021,6,11,Kah shakes eel,NA,NA,NA,NA,field_blank,LKD,LKD,2021_11_18
e00309-A,e00309,20240701,2021_KAHS_B_1,2021,6,12,Kah shakes kelp,NA,NA,NA,NA,sample,LKD,LKD,2021_11_18
e00309-B,e00309,20240701,2021_KAHS_B_1,2021,6,12,Kah shakes kelp,NA,NA,NA,NA,sample,LKD,LKD,2021_11_18
e00309-C,e00309,20240701,2021_KAHS_B_1,2021,6,12,Kah shakes kelp,NA,NA,NA,NA,sample,LKD,LKD,2021_11_18
e00310-A,e00310,20240701,2021_KAHS_B_2,2021,6,12,Kah shakes kelp,NA,NA,NA,NA,sample,LKD,LKD,2021_11_18
e00310-B,e00310,20240701,2021_KAHS_B_2,2021,6,12,Kah shakes kelp,NA,NA,NA,NA,sample,LKD,LKD,2021_11_18
e00310-C,e00310,20240701,2021_KAHS_B_2,2021,6,12,Kah shakes kelp,NA,NA,NA,NA,sample,LKD,LKD,2021_11_18
e00311-A,e00311,20240701,2021_KAHS_B_3,2021,6,12,Kah shakes kelp,NA,NA,NA,NA,sample,LKD,LKD,2021_11_18
e00311-B,e00311,20240701,2021_KAHS_B_3,2021,6,12,Kah shakes kelp,NA,NA,NA,NA,sample,LKD,LKD,2021_11_18
e00311-C,e00311,20240701,2021_KAHS_B_3,2021,6,12,Kah shakes kelp,NA,NA,NA,NA,sample,LKD,LKD,2021_11_18
e00312-A,e00312,20240701,extraction_blank,2021,NA,NA,NA,NA,NA,NA,NA,extraction_blank,LKD,LKD,2021_11_18
e00312-B,e00312,20240701,extraction_blank,2021,NA,NA,NA,NA,NA,NA,NA,extraction_blank,LKD,LKD,2021_11_18
e00312-C,e00312,20240701,extraction_blank,2021,NA,NA,NA,NA,NA,NA,NA,extraction_blank,LKD,LKD,2021_11_18
e00313-A,e00313,20240701,2021_KAHS_B_4,2021,6,12,Kah shakes kelp,NA,NA,NA,NA,field_blank,LKD,LKD,2021_11_18
e00313-B,e00313,20240701,2021_KAHS_B_4,2021,6,12,Kah shakes kelp,NA,NA,NA,NA,field_blank,LKD,LKD,2021_11_18
e00313-C,e00313,20240701,2021_KAHS_B_4,2021,6,12,Kah shakes kelp,NA,NA,NA,NA,field_blank,LKD,LKD,2021_11_18
e00314-A,e00314,20240701,2021_DALL_A_1,2021,6,14,Dall bay eel,NA,NA,NA,NA,sample,LKD,LKD,2021_11_18
e00314-B,e00314,20240701,2021_DALL_A_1,2021,6,14,Dall bay eel,NA,NA,NA,NA,sample,LKD,LKD,2021_11_18
e00314-C,e00314,20240701,2021_DALL_A_1,2021,6,14,Dall bay eel,NA,NA,NA,NA,sample,LKD,LKD,2021_11_18
e00315-A,e00315,20240701,2021_DALL_A_2,2021,6,14,Dall bay eel,NA,NA,NA,NA,sample,LKD,LKD,2021_11_18
e00315-B,e00315,20240701,2021_DALL_A_2,2021,6,14,Dall bay eel,NA,NA,NA,NA,sample,LKD,LKD,2021_11_18
e00315-C,e00315,20240701,2021_DALL_A_2,2021,6,14,Dall bay eel,NA,NA,NA,NA,sample,LKD,LKD,2021_11_18
e00316-A,e00316,20240701,2021_DALL_A_3,2021,6,14,Dall bay eel,NA,NA,NA,NA,sample,LKD,LKD,2021_11_18
e00316-B,e00316,20240701,2021_DALL_A_3,2021,6,14,Dall bay eel,NA,NA,NA,NA,sample,LKD,LKD,2021_11_18
e00316-C,e00316,20240701,2021_DALL_A_3,2021,6,14,Dall bay eel,NA,NA,NA,NA,sample,LKD,LKD,2021_11_18
e00317-A,e00317,20240701,2021_DALL_A_4,2021,6,14,Dall bay eel,NA,NA,NA,NA,field_blank,LKD,LKD,2021_11_18
e00317-B,e00317,20240701,2021_DALL_A_4,2021,6,14,Dall bay eel,NA,NA,NA,NA,field_blank,LKD,LKD,2021_11_18
e00317-C,e00317,20240701,2021_DALL_A_4,2021,6,14,Dall bay eel,NA,NA,NA,NA,field_blank,LKD,LKD,2021_11_18
e00318-A,e00318,20240701,2021_DALL_B_1,2021,6,15,Dall bay kelp,NA,NA,NA,NA,sample,LKD,LKD,2021_11_18
e00318-B,e00318,20240701,2021_DALL_B_1,2021,6,15,Dall bay kelp,NA,NA,NA,NA,sample,LKD,LKD,2021_11_18
e00318-C,e00318,20240701,2021_DALL_B_1,2021,6,15,Dall bay kelp,NA,NA,NA,NA,sample,LKD,LKD,2021_11_18
e00319-A,e00319,20240701,2021_DALL_B_2,2021,6,15,Dall bay kelp,NA,NA,NA,NA,sample,LKD,LKD,2021_11_18
e00319-B,e00319,20240701,2021_DALL_B_2,2021,6,15,Dall bay kelp,NA,NA,NA,NA,sample,LKD,LKD,2021_11_18
e00319-C,e00319,20240701,2021_DALL_B_2,2021,6,15,Dall bay kelp,NA,NA,NA,NA,sample,LKD,LKD,2021_11_18
e00320-A,e00320,20240701,2021_DALL_B_3,2021,6,15,Dall bay kelp,NA,NA,NA,NA,sample,LKD,LKD,2021_11_18
e00320-B,e00320,20240701,2021_DALL_B_3,2021,6,15,Dall bay kelp,NA,NA,NA,NA,sample,LKD,LKD,2021_11_18
e00320-C,e00320,20240701,2021_DALL_B_3,2021,6,15,Dall bay kelp,NA,NA,NA,NA,sample,LKD,LKD,2021_11_18
e00321-A,e00321,20240701,2021_DALL_B_4,2021,6,15,Dall bay kelp,NA,NA,NA,NA,field_blank,LKD,LKD,2021_11_18
e00321-B,e00321,20240701,2021_DALL_B_4,2021,6,15,Dall bay kelp,NA,NA,NA,NA,field_blank,LKD,LKD,2021_11_18
e00321-C,e00321,20240701,2021_DALL_B_4,2021,6,15,Dall bay kelp,NA,NA,NA,NA,field_blank,LKD,LKD,2021_11_18
e00322-A,e00322,20240701,2021_MOIR_A_1,2021,6,22,Moira sound eel,NA,NA,NA,NA,sample,LKD,LKD,2021_11_18
e00322-B,e00322,20240701,2021_MOIR_A_1,2021,6,22,Moira sound eel,NA,NA,NA,NA,sample,LKD,LKD,2021_11_18
e00322-C,e00322,20240701,2021_MOIR_A_1,2021,6,22,Moira sound eel,NA,NA,NA,NA,sample,LKD,LKD,2021_11_18
e00323-A,e00323,20240701,2021_MOIR_A_2,2021,6,22,Moira sound eel,NA,NA,NA,NA,sample,LKD,LKD,2021_11_18
e00323-B,e00323,20240701,2021_MOIR_A_2,2021,6,22,Moira sound eel,NA,NA,NA,NA,sample,LKD,LKD,2021_11_18
e00323-C,e00323,20240701,2021_MOIR_A_2,2021,6,22,Moira sound eel,NA,NA,NA,NA,sample,LKD,LKD,2021_11_18
e00324-A,e00324,20240701,2021_MOIR_A_3,2021,6,22,Moira sound eel,NA,NA,NA,NA,sample,LKD,LKD,2021_11_18
e00324-B,e00324,20240701,2021_MOIR_A_3,2021,6,22,Moira sound eel,NA,NA,NA,NA,sample,LKD,LKD,2021_11_18
e00324-C,e00324,20240701,2021_MOIR_A_3,2021,6,22,Moira sound eel,NA,NA,NA,NA,sample,LKD,LKD,2021_11_18
e00325-A,e00325,20240701,2021_MOIR_A_4,2021,6,22,Moira sound eel,NA,NA,NA,NA,field_blank,LKD,LKD,2021_11_18
e00325-B,e00325,20240701,2021_MOIR_A_4,2021,6,22,Moira sound eel,NA,NA,NA,NA,field_blank,LKD,LKD,2021_11_18
e00325-C,e00325,20240701,2021_MOIR_A_4,2021,6,22,Moira sound eel,NA,NA,NA,NA,field_blank,LKD,LKD,2021_11_18
e00326-A,e00326,20240701,2021_MOIR_B_1,2021,6,23,Moira sound kelp,NA,NA,NA,NA,sample,LKD,LKD,2021_11_18
e00326-B,e00326,20240701,2021_MOIR_B_1,2021,6,23,Moira sound kelp,NA,NA,NA,NA,sample,LKD,LKD,2021_11_18
e00326-C,e00326,20240701,2021_MOIR_B_1,2021,6,23,Moira sound kelp,NA,NA,NA,NA,sample,LKD,LKD,2021_11_18
e00327-A,e00327,20240701,2021_MOIR_B_2,2021,6,23,Moira sound kelp,NA,NA,NA,NA,sample,LKD,LKD,2021_11_18
e00327-B,e00327,20240701,2021_MOIR_B_2,2021,6,23,Moira sound kelp,NA,NA,NA,NA,sample,LKD,LKD,2021_11_18
e00327-C,e00327,20240701,2021_MOIR_B_2,2021,6,23,Moira sound kelp,NA,NA,NA,NA,sample,LKD,LKD,2021_11_18
e00328-A,e00328,20240701,2021_MOIR_B_3,2021,6,23,Moira sound kelp,NA,NA,NA,NA,sample,LKD,LKD,2021_11_18
e00328-B,e00328,20240701,2021_MOIR_B_3,2021,6,23,Moira sound kelp,NA,NA,NA,NA,sample,LKD,LKD,2021_11_18
e00328-C,e00328,20240701,2021_MOIR_B_3,2021,6,23,Moira sound kelp,NA,NA,NA,NA,sample,LKD,LKD,2021_11_18
e00329-A,e00329,20240701,2021_MOIR_B_4,2021,6,23,Moira sound kelp,NA,NA,NA,NA,field_blank,LKD,LKD,2021_11_18
e00329-B,e00329,20240701,2021_MOIR_B_4,2021,6,23,Moira sound kelp,NA,NA,NA,NA,field_blank,LKD,LKD,2021_11_18
e00329-C,e00329,20240701,2021_MOIR_B_4,2021,6,23,Moira sound kelp,NA,NA,NA,NA,field_blank,LKD,LKD,2021_11_18
e00330-A,e00330,20240701,2021_NICH_A_1,2021,6,26,Nichols bay eel,NA,NA,NA,NA,sample,LKD,LKD,2021_11_18
e00330-B,e00330,20240701,2021_NICH_A_1,2021,6,26,Nichols bay eel,NA,NA,NA,NA,sample,LKD,LKD,2021_11_18
e00330-C,e00330,20240701,2021_NICH_A_1,2021,6,26,Nichols bay eel,NA,NA,NA,NA,sample,LKD,LKD,2021_11_18
e00331-A,e00331,20240701,2021_NICH_A_2,2021,6,26,Nichols bay eel,NA,NA,NA,NA,sample,LKD,LKD,2021_11_18
e00331-B,e00331,20240701,2021_NICH_A_2,2021,6,26,Nichols bay eel,NA,NA,NA,NA,sample,LKD,LKD,2021_11_18
e00331-C,e00331,20240701,2021_NICH_A_2,2021,6,26,Nichols bay eel,NA,NA,NA,NA,sample,LKD,LKD,2021_11_18
e00332-A,e00332,20240701,2021_NICH_A_3,2021,6,26,Nichols bay eel,NA,NA,NA,NA,sample,LKD,LKD,2021_11_18
e00332-B,e00332,20240701,2021_NICH_A_3,2021,6,26,Nichols bay eel,NA,NA,NA,NA,sample,LKD,LKD,2021_11_18
e00332-C,e00332,20240701,2021_NICH_A_3,2021,6,26,Nichols bay eel,NA,NA,NA,NA,sample,LKD,LKD,2021_11_18
e00333-A,e00333,20240701,2021_NICH_A_4,2021,6,26,Nichols bay eel,NA,NA,NA,NA,field_blank,LKD,LKD,2021_11_18
e00333-B,e00333,20240701,2021_NICH_A_4,2021,6,26,Nichols bay eel,NA,NA,NA,NA,field_blank,LKD,LKD,2021_11_18
e00333-C,e00333,20240701,2021_NICH_A_4,2021,6,26,Nichols bay eel,NA,NA,NA,NA,field_blank,LKD,LKD,2021_11_18
e00334-A,e00334,20240701,2021_NICH_B_1,2021,6,25,Nichols bay kelp,NA,NA,NA,NA,sample,LKD,LKD,2021_11_18
e00334-B,e00334,20240701,2021_NICH_B_1,2021,6,25,Nichols bay kelp,NA,NA,NA,NA,sample,LKD,LKD,2021_11_18
e00334-C,e00334,20240701,2021_NICH_B_1,2021,6,25,Nichols bay kelp,NA,NA,NA,NA,sample,LKD,LKD,2021_11_18
e00335-A,e00335,20240701,2021_NICH_B_2,2021,6,25,Nichols bay kelp,NA,NA,NA,NA,sample,LKD,LKD,2021_11_18
e00335-B,e00335,20240701,2021_NICH_B_2,2021,6,25,Nichols bay kelp,NA,NA,NA,NA,sample,LKD,LKD,2021_11_18
e00335-C,e00335,20240701,2021_NICH_B_2,2021,6,25,Nichols bay kelp,NA,NA,NA,NA,sample,LKD,LKD,2021_11_18
e00336-A,e00336,20240701,extraction_blank,2021,NA,NA,NA,NA,NA,NA,NA,extraction_blank,LKD,LKD,2021_11_18
e00336-B,e00336,20240701,extraction_blank,2021,NA,NA,NA,NA,NA,NA,NA,extraction_blank,LKD,LKD,2021_11_18
e00336-C,e00336,20240701,extraction_blank,2021,NA,NA,NA,NA,NA,NA,NA,extraction_blank,LKD,LKD,2021_11_18
e00337-A,e00337,20240701,2021_NICH_B_3,2021,6,25,Nichols bay kelp,NA,NA,NA,NA,sample,LKD,LKD,2021_11_22
e00337-B,e00337,20240701,2021_NICH_B_3,2021,6,25,Nichols bay kelp,NA,NA,NA,NA,sample,LKD,LKD,2021_11_22
e00337-C,e00337,20240701,2021_NICH_B_3,2021,6,25,Nichols bay kelp,NA,NA,NA,NA,sample,LKD,LKD,2021_11_22
e00338-A,e00338,20240701,2021_NICH_B_4,2021,6,25,Nichols bay kelp,NA,NA,NA,NA,field_blank,LKD,LKD,2021_11_22
e00338-B,e00338,20240701,2021_NICH_B_4,2021,6,25,Nichols bay kelp,NA,NA,NA,NA,field_blank,LKD,LKD,2021_11_22
e00338-C,e00338,20240701,2021_NICH_B_4,2021,6,25,Nichols bay kelp,NA,NA,NA,NA,field_blank,LKD,LKD,2021_11_22
e00339-A,e00339,20240701,2021_TAHB_A_1,2021,6,27,Tah bay eel,NA,NA,NA,NA,sample,LKD,LKD,2021_11_22
e00339-B,e00339,20240701,2021_TAHB_A_1,2021,6,27,Tah bay eel,NA,NA,NA,NA,sample,LKD,LKD,2021_11_22
e00339-C,e00339,20240701,2021_TAHB_A_1,2021,6,27,Tah bay eel,NA,NA,NA,NA,sample,LKD,LKD,2021_11_22
e00340-A,e00340,20240701,2021_TAHB_A_2,2021,6,27,Tah bay eel,NA,NA,NA,NA,sample,LKD,LKD,2021_11_22
e00340-B,e00340,20240701,2021_TAHB_A_2,2021,6,27,Tah bay eel,NA,NA,NA,NA,sample,LKD,LKD,2021_11_22
e00340-C,e00340,20240701,2021_TAHB_A_2,2021,6,27,Tah bay eel,NA,NA,NA,NA,sample,LKD,LKD,2021_11_22
e00341-A,e00341,20240701,2021_TAHB_A_3,2021,6,27,Tah bay eel,NA,NA,NA,NA,sample,LKD,LKD,2021_11_22
e00341-B,e00341,20240701,2021_TAHB_A_3,2021,6,27,Tah bay eel,NA,NA,NA,NA,sample,LKD,LKD,2021_11_22
e00341-C,e00341,20240701,2021_TAHB_A_3,2021,6,27,Tah bay eel,NA,NA,NA,NA,sample,LKD,LKD,2021_11_22
e00342-A,e00342,20240701,2021_TAHB_A_4,2021,6,27,Tah bay eel,NA,NA,NA,NA,field_blank,LKD,LKD,2021_11_22
e00342-B,e00342,20240701,2021_TAHB_A_4,2021,6,27,Tah bay eel,NA,NA,NA,NA,field_blank,LKD,LKD,2021_11_22
e00342-C,e00342,20240701,2021_TAHB_A_4,2021,6,27,Tah bay eel,NA,NA,NA,NA,field_blank,LKD,LKD,2021_11_22
e00343-A,e00343,20240701,2021_HUNT_A_1,2021,6,28,Hunter bay eel,NA,NA,NA,NA,sample,LKD,LKD,2021_11_22
e00343-B,e00343,20240701,2021_HUNT_A_1,2021,6,28,Hunter bay eel,NA,NA,NA,NA,sample,LKD,LKD,2021_11_22
e00343-C,e00343,20240701,2021_HUNT_A_1,2021,6,28,Hunter bay eel,NA,NA,NA,NA,sample,LKD,LKD,2021_11_22
e00344-A,e00344,20240701,2021_HUNT_A_2,2021,6,28,Hunter bay eel,NA,NA,NA,NA,sample,LKD,LKD,2021_11_22
e00344-B,e00344,20240701,2021_HUNT_A_2,2021,6,28,Hunter bay eel,NA,NA,NA,NA,sample,LKD,LKD,2021_11_22
e00344-C,e00344,20240701,2021_HUNT_A_2,2021,6,28,Hunter bay eel,NA,NA,NA,NA,sample,LKD,LKD,2021_11_22
e00345-A,e00345,20240701,2021_HUNT_A_3,2021,6,28,Hunter bay eel,NA,NA,NA,NA,sample,LKD,LKD,2021_11_22
e00345-B,e00345,20240701,2021_HUNT_A_3,2021,6,28,Hunter bay eel,NA,NA,NA,NA,sample,LKD,LKD,2021_11_22
e00345-C,e00345,20240701,2021_HUNT_A_3,2021,6,28,Hunter bay eel,NA,NA,NA,NA,sample,LKD,LKD,2021_11_22
e00346-A,e00346,20240701,2021_HUNT_A_4,2021,6,28,Hunter bay eel,NA,NA,NA,NA,field_blank,LKD,LKD,2021_11_22
e00346-B,e00346,20240701,2021_HUNT_A_4,2021,6,28,Hunter bay eel,NA,NA,NA,NA,field_blank,LKD,LKD,2021_11_22
e00346-C,e00346,20240701,2021_HUNT_A_4,2021,6,28,Hunter bay eel,NA,NA,NA,NA,field_blank,LKD,LKD,2021_11_22
e00347-A,e00347,20240701,2021_KLWA_A_1,2021,8,6,Klawock airport eel,NA,NA,NA,NA,sample,LKD,LKD,2021_11_22
e00347-B,e00347,20240701,2021_KLWA_A_1,2021,8,6,Klawock airport eel,NA,NA,NA,NA,sample,LKD,LKD,2021_11_22
e00347-C,e00347,20240701,2021_KLWA_A_1,2021,8,6,Klawock airport eel,NA,NA,NA,NA,sample,LKD,LKD,2021_11_22
e00348-A,e00348,20240701,2021_KLWA_A_2,2021,8,6,Klawock airport eel,NA,NA,NA,NA,sample,LKD,LKD,2021_11_22
e00348-B,e00348,20240701,2021_KLWA_A_2,2021,8,6,Klawock airport eel,NA,NA,NA,NA,sample,LKD,LKD,2021_11_22
e00348-C,e00348,20240701,2021_KLWA_A_2,2021,8,6,Klawock airport eel,NA,NA,NA,NA,sample,LKD,LKD,2021_11_22
e00349-A,e00349,20240701,2021_KLWA_A_3,2021,8,6,Klawock airport eel,NA,NA,NA,NA,sample,LKD,LKD,2021_11_22
e00349-B,e00349,20240701,2021_KLWA_A_3,2021,8,6,Klawock airport eel,NA,NA,NA,NA,sample,LKD,LKD,2021_11_22
e00349-C,e00349,20240701,2021_KLWA_A_3,2021,8,6,Klawock airport eel,NA,NA,NA,NA,sample,LKD,LKD,2021_11_22
e00350-A,e00350,20240701,2021_KLWA_A_4,2021,8,6,Klawock airport eel,NA,NA,NA,NA,field_blank,LKD,LKD,2021_11_22
e00350-B,e00350,20240701,2021_KLWA_A_4,2021,8,6,Klawock airport eel,NA,NA,NA,NA,field_blank,LKD,LKD,2021_11_22
e00350-C,e00350,20240701,2021_KLWA_A_4,2021,8,6,Klawock airport eel,NA,NA,NA,NA,field_blank,LKD,LKD,2021_11_22
e00351-A,e00351,20240701,2021_BTRB_A_1,2021,8,7,Big Tree bay eel,NA,NA,NA,NA,sample,LKD,LKD,2021_11_22
e00351-B,e00351,20240701,2021_BTRB_A_1,2021,8,7,Big Tree bay eel,NA,NA,NA,NA,sample,LKD,LKD,2021_11_22
e00351-C,e00351,20240701,2021_BTRB_A_1,2021,8,7,Big Tree bay eel,NA,NA,NA,NA,sample,LKD,LKD,2021_11_22
e00352-A,e00352,20240701,2021_BTRB_A_2,2021,8,7,Big Tree bay eel,NA,NA,NA,NA,sample,LKD,LKD,2021_11_22
e00352-B,e00352,20240701,2021_BTRB_A_2,2021,8,7,Big Tree bay eel,NA,NA,NA,NA,sample,LKD,LKD,2021_11_22
e00352-C,e00352,20240701,2021_BTRB_A_2,2021,8,7,Big Tree bay eel,NA,NA,NA,NA,sample,LKD,LKD,2021_11_22
e00353-A,e00353,20240701,2021_BTRB_A_3,2021,8,7,Big Tree bay eel,NA,NA,NA,NA,sample,LKD,LKD,2021_11_22
e00353-B,e00353,20240701,2021_BTRB_A_3,2021,8,7,Big Tree bay eel,NA,NA,NA,NA,sample,LKD,LKD,2021_11_22
e00353-C,e00353,20240701,2021_BTRB_A_3,2021,8,7,Big Tree bay eel,NA,NA,NA,NA,sample,LKD,LKD,2021_11_22
e00354-A,e00354,20240701,2021_BTRB_A_4,2021,8,7,Big Tree bay eel,NA,NA,NA,NA,field_blank,LKD,LKD,2021_11_22
e00354-B,e00354,20240701,2021_BTRB_A_4,2021,8,7,Big Tree bay eel,NA,NA,NA,NA,field_blank,LKD,LKD,2021_11_22
e00354-C,e00354,20240701,2021_BTRB_A_4,2021,8,7,Big Tree bay eel,NA,NA,NA,NA,field_blank,LKD,LKD,2021_11_22
e00355-A,e00355,20240701,2021_CLAM_A_1,2021,8,8,Clam island mixed,NA,NA,NA,NA,sample,LKD,LKD,2021_11_22
e00355-B,e00355,20240701,2021_CLAM_A_1,2021,8,8,Clam island mixed,NA,NA,NA,NA,sample,LKD,LKD,2021_11_22
e00355-C,e00355,20240701,2021_CLAM_A_1,2021,8,8,Clam island mixed,NA,NA,NA,NA,sample,LKD,LKD,2021_11_22
e00356-A,e00356,20240701,2021_CLAM_A_2,2021,8,8,Clam island mixed,NA,NA,NA,NA,sample,LKD,LKD,2021_11_22
e00356-B,e00356,20240701,2021_CLAM_A_2,2021,8,8,Clam island mixed,NA,NA,NA,NA,sample,LKD,LKD,2021_11_22
e00356-C,e00356,20240701,2021_CLAM_A_2,2021,8,8,Clam island mixed,NA,NA,NA,NA,sample,LKD,LKD,2021_11_22
e00357-A,e00357,20240701,2021_CLAM_A_3,2021,8,8,Clam island mixed,NA,NA,NA,NA,sample,LKD,LKD,2021_11_22
e00357-B,e00357,20240701,2021_CLAM_A_3,2021,8,8,Clam island mixed,NA,NA,NA,NA,sample,LKD,LKD,2021_11_22
e00357-C,e00357,20240701,2021_CLAM_A_3,2021,8,8,Clam island mixed,NA,NA,NA,NA,sample,LKD,LKD,2021_11_22
e00358-A,e00358,20240701,2021_CLAM_A_4,2021,8,8,Clam island mixed,NA,NA,NA,NA,field_blank,LKD,LKD,2021_11_22
e00358-B,e00358,20240701,2021_CLAM_A_4,2021,8,8,Clam island mixed,NA,NA,NA,NA,field_blank,LKD,LKD,2021_11_22
e00358-C,e00358,20240701,2021_CLAM_A_4,2021,8,8,Clam island mixed,NA,NA,NA,NA,field_blank,LKD,LKD,2021_11_22
e00359-A,e00359,20240701,2021_NFEI_B_1,2021,8,9,Cole island mixed,NA,NA,NA,NA,sample,LKD,LKD,2021_11_22
e00359-B,e00359,20240701,2021_NFEI_B_1,2021,8,9,Cole island mixed,NA,NA,NA,NA,sample,LKD,LKD,2021_11_22
e00359-C,e00359,20240701,2021_NFEI_B_1,2021,8,9,Cole island mixed,NA,NA,NA,NA,sample,LKD,LKD,2021_11_22
e00360-A,e00360,20240701,extraction_blank,2021,NA,NA,NA,NA,NA,NA,NA,extraction_blank,LKD,LKD,2021_11_22
e00360-B,e00360,20240701,extraction_blank,2021,NA,NA,NA,NA,NA,NA,NA,extraction_blank,LKD,LKD,2021_11_22
e00360-C,e00360,20240701,extraction_blank,2021,NA,NA,NA,NA,NA,NA,NA,extraction_blank,LKD,LKD,2021_11_22
e00361-A,e00361,20240701,2021_NFEI_B_2,2021,8,9,Cole island mixed,NA,NA,NA,NA,sample,LKD,LKD,2021_11_22
e00361-B,e00361,20240701,2021_NFEI_B_2,2021,8,9,Cole island mixed,NA,NA,NA,NA,sample,LKD,LKD,2021_11_22
e00361-C,e00361,20240701,2021_NFEI_B_2,2021,8,9,Cole island mixed,NA,NA,NA,NA,sample,LKD,LKD,2021_11_22
e00362-A,e00362,20240701,2021_NFEI_B_3,2021,8,9,Cole island mixed,NA,NA,NA,NA,sample,LKD,LKD,2021_11_22
e00362-B,e00362,20240701,2021_NFEI_B_3,2021,8,9,Cole island mixed,NA,NA,NA,NA,sample,LKD,LKD,2021_11_22
e00362-C,e00362,20240701,2021_NFEI_B_3,2021,8,9,Cole island mixed,NA,NA,NA,NA,sample,LKD,LKD,2021_11_22
e00363-A,e00363,20240701,2021_NFEI_B_4,2021,8,9,Cole island mixed,NA,NA,NA,NA,field_blank,LKD,LKD,2021_11_22
e00363-B,e00363,20240701,2021_NFEI_B_4,2021,8,9,Cole island mixed,NA,NA,NA,NA,field_blank,LKD,LKD,2021_11_22
e00363-C,e00363,20240701,2021_NFEI_B_4,2021,8,9,Cole island mixed,NA,NA,NA,NA,field_blank,LKD,LKD,2021_11_22
e00364-A,e00364,20240701,2021_BOST_A_1,2021,8,12,Bostwick inlet eel,NA,NA,NA,NA,sample,LKD,LKD,2021_11_22
e00364-B,e00364,20240701,2021_BOST_A_1,2021,8,12,Bostwick inlet eel,NA,NA,NA,NA,sample,LKD,LKD,2021_11_22
e00364-C,e00364,20240701,2021_BOST_A_1,2021,8,12,Bostwick inlet eel,NA,NA,NA,NA,sample,LKD,LKD,2021_11_22
e00365-A,e00365,20240701,2021_BOST_A_2,2021,8,12,Bostwick inlet eel,NA,NA,NA,NA,sample,LKD,LKD,2021_11_22
e00365-B,e00365,20240701,2021_BOST_A_2,2021,8,12,Bostwick inlet eel,NA,NA,NA,NA,sample,LKD,LKD,2021_11_22
e00365-C,e00365,20240701,2021_BOST_A_2,2021,8,12,Bostwick inlet eel,NA,NA,NA,NA,sample,LKD,LKD,2021_11_22
e00366-A,e00366,20240701,2021_BOST_A_3,2021,8,12,Bostwick inlet eel,NA,NA,NA,NA,sample,LKD,LKD,2021_11_22
e00366-B,e00366,20240701,2021_BOST_A_3,2021,8,12,Bostwick inlet eel,NA,NA,NA,NA,sample,LKD,LKD,2021_11_22
e00366-C,e00366,20240701,2021_BOST_A_3,2021,8,12,Bostwick inlet eel,NA,NA,NA,NA,sample,LKD,LKD,2021_11_22
e00367-A,e00367,20240701,2021_BOST_A_4,2021,8,12,Bostwick inlet eel,NA,NA,NA,NA,field_blank,LKD,LKD,2021_11_22
e00367-B,e00367,20240701,2021_BOST_A_4,2021,8,12,Bostwick inlet eel,NA,NA,NA,NA,field_blank,LKD,LKD,2021_11_22
e00367-C,e00367,20240701,2021_BOST_A_4,2021,8,12,Bostwick inlet eel,NA,NA,NA,NA,field_blank,LKD,LKD,2021_11_22
e00368-A,e00368,20240701,2021_BOST_B_1,2021,8,11,Bostwick inlet kelp,NA,NA,NA,NA,sample,LKD,LKD,2021_11_22
e00368-B,e00368,20240701,2021_BOST_B_1,2021,8,11,Bostwick inlet kelp,NA,NA,NA,NA,sample,LKD,LKD,2021_11_22
e00368-C,e00368,20240701,2021_BOST_B_1,2021,8,11,Bostwick inlet kelp,NA,NA,NA,NA,sample,LKD,LKD,2021_11_22
e00369-A,e00369,20240701,2021_BOST_B_2,2021,8,11,Bostwick inlet kelp,NA,NA,NA,NA,sample,LKD,LKD,2021_11_22
e00369-B,e00369,20240701,2021_BOST_B_2,2021,8,11,Bostwick inlet kelp,NA,NA,NA,NA,sample,LKD,LKD,2021_11_22
e00369-C,e00369,20240701,2021_BOST_B_2,2021,8,11,Bostwick inlet kelp,NA,NA,NA,NA,sample,LKD,LKD,2021_11_22
e00370-A,e00370,20240701,2021_BOST_B_3,2021,8,11,Bostwick inlet kelp,NA,NA,NA,NA,sample,LKD,LKD,2021_11_22
e00370-B,e00370,20240701,2021_BOST_B_3,2021,8,11,Bostwick inlet kelp,NA,NA,NA,NA,sample,LKD,LKD,2021_11_22
e00370-C,e00370,20240701,2021_BOST_B_3,2021,8,11,Bostwick inlet kelp,NA,NA,NA,NA,sample,LKD,LKD,2021_11_22
e00371-A,e00371,20240701,2021_BOST_B_4,2021,8,11,Bostwick inlet kelp,NA,NA,NA,NA,field_blank,LKD,LKD,2021_11_22
e00371-B,e00371,20240701,2021_BOST_B_4,2021,8,11,Bostwick inlet kelp,NA,NA,NA,NA,field_blank,LKD,LKD,2021_11_22
e00371-C,e00371,20240701,2021_BOST_B_4,2021,8,11,Bostwick inlet kelp,NA,NA,NA,NA,field_blank,LKD,LKD,2021_11_22
e00372-A,e00372,20240701,extraction_blank,NA,NA,NA,NA,NA,NA,NA,NA,extraction_blank,LKD,LKD,2021_11_22
e00372-B,e00372,20240701,extraction_blank,NA,NA,NA,NA,NA,NA,NA,NA,extraction_blank,LKD,LKD,2021_11_22
e00372-C,e00372,20240701,extraction_blank,NA,NA,NA,NA,NA,NA,NA,NA,extraction_blank,LKD,LKD,2021_11_22
e03265-A,e03265,20240701,2022_ILDE_A_1,2022,6,26,Pt. Ildefonso,mixed,Prince of Wales Island,-133.26463,55.576984,sample,Jessica Whitney,JMW,2024_01_31
e03265-B,e03265,20240701,2022_ILDE_A_1,2022,6,26,Pt. Ildefonso,mixed,Prince of Wales Island,-133.26463,55.576984,sample,Jessica Whitney,JMW,2024_01_31
e03265-C,e03265,20240701,2022_ILDE_A_1,2022,6,26,Pt. Ildefonso,mixed,Prince of Wales Island,-133.26463,55.576984,sample,Jessica Whitney,JMW,2024_01_31
e03266-A,e03266,20240701,2022_ILDE_A_2,2022,6,26,Pt. Ildefonso,mixed,Prince of Wales Island,-133.264388,55.577072,sample,Jessica Whitney,JMW,2024_01_31
e03266-B,e03266,20240701,2022_ILDE_A_2,2022,6,26,Pt. Ildefonso,mixed,Prince of Wales Island,-133.264388,55.577072,sample,Jessica Whitney,JMW,2024_01_31
e03266-C,e03266,20240701,2022_ILDE_A_2,2022,6,26,Pt. Ildefonso,mixed,Prince of Wales Island,-133.264388,55.577072,sample,Jessica Whitney,JMW,2024_01_31
e03267-A,e03267,20240701,2022_ILDE_A_3,2022,6,26,Pt. Ildefonso,mixed,Prince of Wales Island,-133.263904,55.577056,sample,Jessica Whitney,JMW,2024_01_31
e03267-B,e03267,20240701,2022_ILDE_A_3,2022,6,26,Pt. Ildefonso,mixed,Prince of Wales Island,-133.263904,55.577056,sample,Jessica Whitney,JMW,2024_01_31
e03267-C,e03267,20240701,2022_ILDE_A_3,2022,6,26,Pt. Ildefonso,mixed,Prince of Wales Island,-133.263904,55.577056,sample,Jessica Whitney,JMW,2024_01_31
e03268-A,e03268,20240701,2022_ILDE_A_4,2022,6,26,Pt. Ildefonso,mixed,Prince of Wales Island,NA,NA,field_blank,Jessica Whitney,JMW,2024_01_31
e03268-B,e03268,20240701,2022_ILDE_A_4,2022,6,26,Pt. Ildefonso,mixed,Prince of Wales Island,NA,NA,field_blank,Jessica Whitney,JMW,2024_01_31
e03268-C,e03268,20240701,2022_ILDE_A_4,2022,6,26,Pt. Ildefonso,mixed,Prince of Wales Island,NA,NA,field_blank,Jessica Whitney,JMW,2024_01_31
e03269-A,e03269,20240701,2022_CLAM_A_1,2022,6,27,Clam Island,mixed,Prince of Wales Island,-133.158826,55.518265,sample,Jessica Whitney,JMW,2024_01_31
e03269-B,e03269,20240701,2022_CLAM_A_1,2022,6,27,Clam Island,mixed,Prince of Wales Island,-133.158826,55.518265,sample,Jessica Whitney,JMW,2024_01_31
e03269-C,e03269,20240701,2022_CLAM_A_1,2022,6,27,Clam Island,mixed,Prince of Wales Island,-133.158826,55.518265,sample,Jessica Whitney,JMW,2024_01_31
e03270-A,e03270,20240701,2022_CLAM_A_2,2022,6,27,Clam Island,mixed,Prince of Wales Island,-133.158509,55.518193,sample,Jessica Whitney,JMW,2024_01_31
e03270-B,e03270,20240701,2022_CLAM_A_2,2022,6,27,Clam Island,mixed,Prince of Wales Island,-133.158509,55.518193,sample,Jessica Whitney,JMW,2024_01_31
e03270-C,e03270,20240701,2022_CLAM_A_2,2022,6,27,Clam Island,mixed,Prince of Wales Island,-133.158509,55.518193,sample,Jessica Whitney,JMW,2024_01_31
e03271-A,e03271,20240701,2022_CLAM_A_3,2022,6,27,Clam Island,mixed,Prince of Wales Island,-133.158195,55.518027,sample,Jessica Whitney,JMW,2024_01_31
e03271-B,e03271,20240701,2022_CLAM_A_3,2022,6,27,Clam Island,mixed,Prince of Wales Island,-133.158195,55.518027,sample,Jessica Whitney,JMW,2024_01_31
e03271-C,e03271,20240701,2022_CLAM_A_3,2022,6,27,Clam Island,mixed,Prince of Wales Island,-133.158195,55.518027,sample,Jessica Whitney,JMW,2024_01_31
e03272-A,e03272,20240701,2022_CLAM_A_4,2022,6,27,Clam Island,mixed,Prince of Wales Island,NA,NA,field_blank,Jessica Whitney,JMW,2024_01_31
e03272-B,e03272,20240701,2022_CLAM_A_4,2022,6,27,Clam Island,mixed,Prince of Wales Island,NA,NA,field_blank,Jessica Whitney,JMW,2024_01_31
e03272-C,e03272,20240701,2022_CLAM_A_4,2022,6,27,Clam Island,mixed,Prince of Wales Island,NA,NA,field_blank,Jessica Whitney,JMW,2024_01_31
e03273-A,e03273,20240701,2022_ROSA_A_1,2022,6,28,Rosary Island,eelgrass,Prince of Wales Island,-133.294616,55.577276,sample,Jessica Whitney,JMW,2024_01_31
e03273-B,e03273,20240701,2022_ROSA_A_1,2022,6,28,Rosary Island,eelgrass,Prince of Wales Island,-133.294616,55.577276,sample,Jessica Whitney,JMW,2024_01_31
e03273-C,e03273,20240701,2022_ROSA_A_1,2022,6,28,Rosary Island,eelgrass,Prince of Wales Island,-133.294616,55.577276,sample,Jessica Whitney,JMW,2024_01_31
e03274-A,e03274,20240701,2022_ROSA_A_2,2022,6,28,Rosary Island,eelgrass,Prince of Wales Island,-133.294975,55.577046,sample,Jessica Whitney,JMW,2024_01_31
e03274-B,e03274,20240701,2022_ROSA_A_2,2022,6,28,Rosary Island,eelgrass,Prince of Wales Island,-133.294975,55.577046,sample,Jessica Whitney,JMW,2024_01_31
e03274-C,e03274,20240701,2022_ROSA_A_2,2022,6,28,Rosary Island,eelgrass,Prince of Wales Island,-133.294975,55.577046,sample,Jessica Whitney,JMW,2024_01_31
e03275-A,e03275,20240701,2022_ROSA_A_3,2022,6,28,Rosary Island,eelgrass,Prince of Wales Island,-133.295362,55.57689,sample,Jessica Whitney,JMW,2024_01_31
e03275-B,e03275,20240701,2022_ROSA_A_3,2022,6,28,Rosary Island,eelgrass,Prince of Wales Island,-133.295362,55.57689,sample,Jessica Whitney,JMW,2024_01_31
e03275-C,e03275,20240701,2022_ROSA_A_3,2022,6,28,Rosary Island,eelgrass,Prince of Wales Island,-133.295362,55.57689,sample,Jessica Whitney,JMW,2024_01_31
e03276-A,e03276,20240701,2022_ROSA_A_4,2022,6,28,Rosary Island,eelgrass,Prince of Wales Island,NA,NA,field_blank,Jessica Whitney,JMW,2024_01_31
e03276-B,e03276,20240701,2022_ROSA_A_4,2022,6,28,Rosary Island,eelgrass,Prince of Wales Island,NA,NA,field_blank,Jessica Whitney,JMW,2024_01_31
e03276-C,e03276,20240701,2022_ROSA_A_4,2022,6,28,Rosary Island,eelgrass,Prince of Wales Island,NA,NA,field_blank,Jessica Whitney,JMW,2024_01_31
e03277-A,e03277,20240701,2022_TRIS_A_1,2022,6,29,Triste Pt,eelgrass,Prince of Wales Island,-133.496163,55.418493,sample,Jessica Whitney,JMW,2024_01_31
e03277-B,e03277,20240701,2022_TRIS_A_1,2022,6,29,Triste Pt,eelgrass,Prince of Wales Island,-133.496163,55.418493,sample,Jessica Whitney,JMW,2024_01_31
e03277-C,e03277,20240701,2022_TRIS_A_1,2022,6,29,Triste Pt,eelgrass,Prince of Wales Island,-133.496163,55.418493,sample,Jessica Whitney,JMW,2024_01_31
e03278-A,e03278,20240701,2022_TRIS_A_2,2022,6,29,Triste Pt,eelgrass,Prince of Wales Island,-133.49597,55.418368,sample,Jessica Whitney,JMW,2024_01_31
e03278-B,e03278,20240701,2022_TRIS_A_2,2022,6,29,Triste Pt,eelgrass,Prince of Wales Island,-133.49597,55.418368,sample,Jessica Whitney,JMW,2024_01_31
e03278-C,e03278,20240701,2022_TRIS_A_2,2022,6,29,Triste Pt,eelgrass,Prince of Wales Island,-133.49597,55.418368,sample,Jessica Whitney,JMW,2024_01_31
e03279-A,e03279,20240701,2022_TRIS_A_3,2022,6,29,Triste Pt,eelgrass,Prince of Wales Island,-133.49585,55.418271,sample,Jessica Whitney,JMW,2024_01_31
e03279-B,e03279,20240701,2022_TRIS_A_3,2022,6,29,Triste Pt,eelgrass,Prince of Wales Island,-133.49585,55.418271,sample,Jessica Whitney,JMW,2024_01_31
e03279-C,e03279,20240701,2022_TRIS_A_3,2022,6,29,Triste Pt,eelgrass,Prince of Wales Island,-133.49585,55.418271,sample,Jessica Whitney,JMW,2024_01_31
e03280-A,e03280,20240701,2022_TRIS_A_4,2022,6,29,Triste Pt,eelgrass,Prince of Wales Island,NA,NA,field_blank,Jessica Whitney,JMW,2024_01_31
e03280-B,e03280,20240701,2022_TRIS_A_4,2022,6,29,Triste Pt,eelgrass,Prince of Wales Island,NA,NA,field_blank,Jessica Whitney,JMW,2024_01_31
e03280-C,e03280,20240701,2022_TRIS_A_4,2022,6,29,Triste Pt,eelgrass,Prince of Wales Island,NA,NA,field_blank,Jessica Whitney,JMW,2024_01_31
e03281-A,e03281,20240701,2022_SARI_A_1,2022,6,30,Santa Rita,mixed,Prince of Wales Island,-133.453949,55.418721,sample,Jessica Whitney,JMW,2024_01_31
e03281-B,e03281,20240701,2022_SARI_A_1,2022,6,30,Santa Rita,mixed,Prince of Wales Island,-133.453949,55.418721,sample,Jessica Whitney,JMW,2024_01_31
e03281-C,e03281,20240701,2022_SARI_A_1,2022,6,30,Santa Rita,mixed,Prince of Wales Island,-133.453949,55.418721,sample,Jessica Whitney,JMW,2024_01_31
e03282-A,e03282,20240701,2022_SARI_A_2,2022,6,30,Santa Rita,mixed,Prince of Wales Island,-133.45424,55.418589,sample,Jessica Whitney,JMW,2024_01_31
e03282-B,e03282,20240701,2022_SARI_A_2,2022,6,30,Santa Rita,mixed,Prince of Wales Island,-133.45424,55.418589,sample,Jessica Whitney,JMW,2024_01_31
e03282-C,e03282,20240701,2022_SARI_A_2,2022,6,30,Santa Rita,mixed,Prince of Wales Island,-133.45424,55.418589,sample,Jessica Whitney,JMW,2024_01_31
e03283-A,e03283,20240701,2022_SARI_A_3,2022,6,30,Santa Rita,mixed,Prince of Wales Island,-133.454419,55.418368,sample,Jessica Whitney,JMW,2024_01_31
e03283-B,e03283,20240701,2022_SARI_A_3,2022,6,30,Santa Rita,mixed,Prince of Wales Island,-133.454419,55.418368,sample,Jessica Whitney,JMW,2024_01_31
e03283-C,e03283,20240701,2022_SARI_A_3,2022,6,30,Santa Rita,mixed,Prince of Wales Island,-133.454419,55.418368,sample,Jessica Whitney,JMW,2024_01_31
e03284-A,e03284,20240701,2022_SARI_A_4,2022,6,30,Santa Rita,mixed,Prince of Wales Island,NA,NA,field_blank,Jessica Whitney,JMW,2024_01_31
e03284-B,e03284,20240701,2022_SARI_A_4,2022,6,30,Santa Rita,mixed,Prince of Wales Island,NA,NA,field_blank,Jessica Whitney,JMW,2024_01_31
e03284-C,e03284,20240701,2022_SARI_A_4,2022,6,30,Santa Rita,mixed,Prince of Wales Island,NA,NA,field_blank,Jessica Whitney,JMW,2024_01_31
e03285-A,e03285,20240701,2022_HARM_A_1,2022,7,1,Harmony Island,mixed,Prince of Wales Island,-133.405762,55.719473,sample,Jessica Whitney,JMW,2024_01_31
e03285-B,e03285,20240701,2022_HARM_A_1,2022,7,1,Harmony Island,mixed,Prince of Wales Island,-133.405762,55.719473,sample,Jessica Whitney,JMW,2024_01_31
e03285-C,e03285,20240701,2022_HARM_A_1,2022,7,1,Harmony Island,mixed,Prince of Wales Island,-133.405762,55.719473,sample,Jessica Whitney,JMW,2024_01_31
e03286-A,e03286,20240701,2022_HARM_A_2,2022,7,1,Harmony Island,mixed,Prince of Wales Island,-133.405709,55.719394,sample,Jessica Whitney,JMW,2024_01_31
e03286-B,e03286,20240701,2022_HARM_A_2,2022,7,1,Harmony Island,mixed,Prince of Wales Island,-133.405709,55.719394,sample,Jessica Whitney,JMW,2024_01_31
e03286-C,e03286,20240701,2022_HARM_A_2,2022,7,1,Harmony Island,mixed,Prince of Wales Island,-133.405709,55.719394,sample,Jessica Whitney,JMW,2024_01_31
e03287-A,e03287,20240701,2022_HARM_A_3,2022,7,1,Harmony Island,mixed,Prince of Wales Island,-133.405962,55.719257,sample,Jessica Whitney,JMW,2024_01_31
e03287-B,e03287,20240701,2022_HARM_A_3,2022,7,1,Harmony Island,mixed,Prince of Wales Island,-133.405962,55.719257,sample,Jessica Whitney,JMW,2024_01_31
e03287-C,e03287,20240701,2022_HARM_A_3,2022,7,1,Harmony Island,mixed,Prince of Wales Island,-133.405962,55.719257,sample,Jessica Whitney,JMW,2024_01_31
e03288-A,e03288,20240701,2022_HARM_A_4,2022,7,1,Harmony Island,mixed,Prince of Wales Island,NA,NA,field_blank,Jessica Whitney,JMW,2024_01_31
e03288-B,e03288,20240701,2022_HARM_A_4,2022,7,1,Harmony Island,mixed,Prince of Wales Island,NA,NA,field_blank,Jessica Whitney,JMW,2024_01_31
e03288-C,e03288,20240701,2022_HARM_A_4,2022,7,1,Harmony Island,mixed,Prince of Wales Island,NA,NA,field_blank,Jessica Whitney,JMW,2024_01_31
e03289-A,e03289,20240701,2022_BLAQ_A_1,2022,7,2,Blanquizal Point,mixed,Prince of Wales Island,-133.387584,55.62103,sample,Jessica Whitney,JMW,2024_01_31
e03289-B,e03289,20240701,2022_BLAQ_A_1,2022,7,2,Blanquizal Point,mixed,Prince of Wales Island,-133.387584,55.62103,sample,Jessica Whitney,JMW,2024_01_31
e03289-C,e03289,20240701,2022_BLAQ_A_1,2022,7,2,Blanquizal Point,mixed,Prince of Wales Island,-133.387584,55.62103,sample,Jessica Whitney,JMW,2024_01_31
e03290-A,e03290,20240701,2022_BLAQ_A_2,2022,7,2,Blanquizal Point,mixed,Prince of Wales Island,-133.386736,55.620924,sample,Jessica Whitney,JMW,2024_01_31
e03290-B,e03290,20240701,2022_BLAQ_A_2,2022,7,2,Blanquizal Point,mixed,Prince of Wales Island,-133.386736,55.620924,sample,Jessica Whitney,JMW,2024_01_31
e03290-C,e03290,20240701,2022_BLAQ_A_2,2022,7,2,Blanquizal Point,mixed,Prince of Wales Island,-133.386736,55.620924,sample,Jessica Whitney,JMW,2024_01_31
e03291-A,e03291,20240701,2022_BLAQ_A_3,2022,7,2,Blanquizal Point,mixed,Prince of Wales Island,-133.386497,55.621235,sample,Jessica Whitney,JMW,2024_01_31
e03291-B,e03291,20240701,2022_BLAQ_A_3,2022,7,2,Blanquizal Point,mixed,Prince of Wales Island,-133.386497,55.621235,sample,Jessica Whitney,JMW,2024_01_31
e03291-C,e03291,20240701,2022_BLAQ_A_3,2022,7,2,Blanquizal Point,mixed,Prince of Wales Island,-133.386497,55.621235,sample,Jessica Whitney,JMW,2024_01_31
e03292-A,e03292,20240701,2022_BLAQ_A_4,2022,7,2,Blanquizal Point,mixed,Prince of Wales Island,NA,NA,field_blank,Jessica Whitney,JMW,2024_01_31
e03292-B,e03292,20240701,2022_BLAQ_A_4,2022,7,2,Blanquizal Point,mixed,Prince of Wales Island,NA,NA,field_blank,Jessica Whitney,JMW,2024_01_31
e03292-C,e03292,20240701,2022_BLAQ_A_4,2022,7,2,Blanquizal Point,mixed,Prince of Wales Island,NA,NA,field_blank,Jessica Whitney,JMW,2024_01_31
e03293-A,e03293,20240701,2022_NSTP_A_1,2022,7,3,North St. Phillips,mixed,Prince of Wales Island,-133.404978,55.66603,sample,Jessica Whitney,JMW,2024_01_31
e03293-B,e03293,20240701,2022_NSTP_A_1,2022,7,3,North St. Phillips,mixed,Prince of Wales Island,-133.404978,55.66603,sample,Jessica Whitney,JMW,2024_01_31
e03293-C,e03293,20240701,2022_NSTP_A_1,2022,7,3,North St. Phillips,mixed,Prince of Wales Island,-133.404978,55.66603,sample,Jessica Whitney,JMW,2024_01_31
e03294-A,e03294,20240701,2022_NSTP_A_2,2022,7,3,North St. Phillips,mixed,Prince of Wales Island,-133.404676,55.66576,sample,Jessica Whitney,JMW,2024_01_31
e03294-B,e03294,20240701,2022_NSTP_A_2,2022,7,3,North St. Phillips,mixed,Prince of Wales Island,-133.404676,55.66576,sample,Jessica Whitney,JMW,2024_01_31
e03294-C,e03294,20240701,2022_NSTP_A_2,2022,7,3,North St. Phillips,mixed,Prince of Wales Island,-133.404676,55.66576,sample,Jessica Whitney,JMW,2024_01_31
e03295-A,e03295,20240701,2022_NSTP_A_3,2022,7,3,North St. Phillips,mixed,Prince of Wales Island,-133.40493,55.665754,sample,Jessica Whitney,JMW,2024_01_31
e03295-B,e03295,20240701,2022_NSTP_A_3,2022,7,3,North St. Phillips,mixed,Prince of Wales Island,-133.40493,55.665754,sample,Jessica Whitney,JMW,2024_01_31
e03295-C,e03295,20240701,2022_NSTP_A_3,2022,7,3,North St. Phillips,mixed,Prince of Wales Island,-133.40493,55.665754,sample,Jessica Whitney,JMW,2024_01_31
e03296-A,e03296,20240701,2022_NSTP_A_4,2022,7,3,North St. Phillips,mixed,Prince of Wales Island,NA,NA,field_blank,Jessica Whitney,JMW,2024_01_31
e03296-B,e03296,20240701,2022_NSTP_A_4,2022,7,3,North St. Phillips,mixed,Prince of Wales Island,NA,NA,field_blank,Jessica Whitney,JMW,2024_01_31
e03296-C,e03296,20240701,2022_NSTP_A_4,2022,7,3,North St. Phillips,mixed,Prince of Wales Island,NA,NA,field_blank,Jessica Whitney,JMW,2024_01_31
e03297-A,e03297,20240701,2022_ABES_A_1,2022,7,18,Abbess Island,eelgrass,Prince of Wales Island,-133.17453,55.554739,sample,Jessica Whitney,JMW,2024_01_31
e03297-B,e03297,20240701,2022_ABES_A_1,2022,7,18,Abbess Island,eelgrass,Prince of Wales Island,-133.17453,55.554739,sample,Jessica Whitney,JMW,2024_01_31
e03297-C,e03297,20240701,2022_ABES_A_1,2022,7,18,Abbess Island,eelgrass,Prince of Wales Island,-133.17453,55.554739,sample,Jessica Whitney,JMW,2024_01_31
e03298-A,e03298,20240701,2022_ABES_A_2,2022,7,18,Abbess Island,eelgrass,Prince of Wales Island,-133.174355,55.554811,sample,Jessica Whitney,JMW,2024_01_31
e03298-B,e03298,20240701,2022_ABES_A_2,2022,7,18,Abbess Island,eelgrass,Prince of Wales Island,-133.174355,55.554811,sample,Jessica Whitney,JMW,2024_01_31
e03298-C,e03298,20240701,2022_ABES_A_2,2022,7,18,Abbess Island,eelgrass,Prince of Wales Island,-133.174355,55.554811,sample,Jessica Whitney,JMW,2024_01_31
e03299-A,e03299,20240701,2022_ABES_A_3,2022,7,18,Abbess Island,eelgrass,Prince of Wales Island,-133.174047,55.554804,sample,Jessica Whitney,JMW,2024_01_31
e03299-B,e03299,20240701,2022_ABES_A_3,2022,7,18,Abbess Island,eelgrass,Prince of Wales Island,-133.174047,55.554804,sample,Jessica Whitney,JMW,2024_01_31
e03299-C,e03299,20240701,2022_ABES_A_3,2022,7,18,Abbess Island,eelgrass,Prince of Wales Island,-133.174047,55.554804,sample,Jessica Whitney,JMW,2024_01_31
e03300-A,e03300,20240701,2022_ABES_A_4,2022,7,18,Abbess Island,eelgrass,Prince of Wales Island,NA,NA,field_blank,Jessica Whitney,JMW,2024_01_31
e03300-B,e03300,20240701,2022_ABES_A_4,2022,7,18,Abbess Island,eelgrass,Prince of Wales Island,NA,NA,field_blank,Jessica Whitney,JMW,2024_01_31
e03300-C,e03300,20240701,2022_ABES_A_4,2022,7,18,Abbess Island,eelgrass,Prince of Wales Island,NA,NA,field_blank,Jessica Whitney,JMW,2024_01_31
e03301-A,e03301,20240701,2022_SHIN_A_1,2022,7,14,Shinaku Inlet,eelgrass,Prince of Wales Island,-133.164052,55.597165,sample,Jessica Whitney,JMW,2024_01_31
e03301-B,e03301,20240701,2022_SHIN_A_1,2022,7,14,Shinaku Inlet,eelgrass,Prince of Wales Island,-133.164052,55.597165,sample,Jessica Whitney,JMW,2024_01_31
e03301-C,e03301,20240701,2022_SHIN_A_1,2022,7,14,Shinaku Inlet,eelgrass,Prince of Wales Island,-133.164052,55.597165,sample,Jessica Whitney,JMW,2024_01_31
e03302-A,e03302,20240701,2022_SHIN_A_2,2022,7,14,Shinaku Inlet,eelgrass,Prince of Wales Island,-133.164225,55.597051,sample,Jessica Whitney,JMW,2024_01_31
e03302-B,e03302,20240701,2022_SHIN_A_2,2022,7,14,Shinaku Inlet,eelgrass,Prince of Wales Island,-133.164225,55.597051,sample,Jessica Whitney,JMW,2024_01_31
e03302-C,e03302,20240701,2022_SHIN_A_2,2022,7,14,Shinaku Inlet,eelgrass,Prince of Wales Island,-133.164225,55.597051,sample,Jessica Whitney,JMW,2024_01_31
e03303-A,e03303,20240701,2022_SHIN_A_3,2022,7,14,Shinaku Inlet,eelgrass,Prince of Wales Island,-133.163842,55.597226,sample,Jessica Whitney,JMW,2024_01_31
e03303-B,e03303,20240701,2022_SHIN_A_3,2022,7,14,Shinaku Inlet,eelgrass,Prince of Wales Island,-133.163842,55.597226,sample,Jessica Whitney,JMW,2024_01_31
e03303-C,e03303,20240701,2022_SHIN_A_3,2022,7,14,Shinaku Inlet,eelgrass,Prince of Wales Island,-133.163842,55.597226,sample,Jessica Whitney,JMW,2024_01_31
e03304-A,e03304,20240701,2022_SHIN_A_4,2022,7,14,Shinaku Inlet,eelgrass,Prince of Wales Island,NA,NA,field_blank,Jessica Whitney,JMW,2024_01_31
e03304-B,e03304,20240701,2022_SHIN_A_4,2022,7,14,Shinaku Inlet,eelgrass,Prince of Wales Island,NA,NA,field_blank,Jessica Whitney,JMW,2024_01_31
e03304-C,e03304,20240701,2022_SHIN_A_4,2022,7,14,Shinaku Inlet,eelgrass,Prince of Wales Island,NA,NA,field_blank,Jessica Whitney,JMW,2024_01_31
e03305-A,e03305,20240701,2022_NATZ_A_1,2022,7,16,Natzuhini,eelgrass,Prince of Wales Island,-132.87865,55.247605,sample,Jessica Whitney,JMW,2024_01_31
e03305-B,e03305,20240701,2022_NATZ_A_1,2022,7,16,Natzuhini,eelgrass,Prince of Wales Island,-132.87865,55.247605,sample,Jessica Whitney,JMW,2024_01_31
e03305-C,e03305,20240701,2022_NATZ_A_1,2022,7,16,Natzuhini,eelgrass,Prince of Wales Island,-132.87865,55.247605,sample,Jessica Whitney,JMW,2024_01_31
e03306-A,e03306,20240701,2022_NATZ_A_2,2022,7,16,Natzuhini,eelgrass,Prince of Wales Island,-132.87858,55.247579,sample,Jessica Whitney,JMW,2024_01_31
e03306-B,e03306,20240701,2022_NATZ_A_2,2022,7,16,Natzuhini,eelgrass,Prince of Wales Island,-132.87858,55.247579,sample,Jessica Whitney,JMW,2024_01_31
e03306-C,e03306,20240701,2022_NATZ_A_2,2022,7,16,Natzuhini,eelgrass,Prince of Wales Island,-132.87858,55.247579,sample,Jessica Whitney,JMW,2024_01_31
e03307-A,e03307,20240701,2022_NATZ_A_3,2022,7,16,Natzuhini,eelgrass,Prince of Wales Island,-132.878416,55.247568,sample,Jessica Whitney,JMW,2024_01_31
e03307-B,e03307,20240701,2022_NATZ_A_3,2022,7,16,Natzuhini,eelgrass,Prince of Wales Island,-132.878416,55.247568,sample,Jessica Whitney,JMW,2024_01_31
e03307-C,e03307,20240701,2022_NATZ_A_3,2022,7,16,Natzuhini,eelgrass,Prince of Wales Island,-132.878416,55.247568,sample,Jessica Whitney,JMW,2024_01_31
e03308-A,e03308,20240701,2022_NATZ_A_4,2022,7,16,Natzuhini,eelgrass,Prince of Wales Island,NA,NA,field_blank,Jessica Whitney,JMW,2024_01_31
e03308-B,e03308,20240701,2022_NATZ_A_4,2022,7,16,Natzuhini,eelgrass,Prince of Wales Island,NA,NA,field_blank,Jessica Whitney,JMW,2024_01_31
e03308-C,e03308,20240701,2022_NATZ_A_4,2022,7,16,Natzuhini,eelgrass,Prince of Wales Island,NA,NA,field_blank,Jessica Whitney,JMW,2024_01_31
e03309-A,e03309,20240701,2022_NOSK_A_1,2022,7,13,Nossuk Bay,eelgrass,Prince of Wales Island,-133.340948,55.708783,sample,Jessica Whitney,JMW,2024_01_31
e03309-B,e03309,20240701,2022_NOSK_A_1,2022,7,13,Nossuk Bay,eelgrass,Prince of Wales Island,-133.340948,55.708783,sample,Jessica Whitney,JMW,2024_01_31
e03309-C,e03309,20240701,2022_NOSK_A_1,2022,7,13,Nossuk Bay,eelgrass,Prince of Wales Island,-133.340948,55.708783,sample,Jessica Whitney,JMW,2024_01_31
e03310-A,e03310,20240701,2022_NOSK_A_2,2022,7,13,Nossuk Bay,eelgrass,Prince of Wales Island,-133.340919,55.708814,sample,Jessica Whitney,JMW,2024_01_31
e03310-B,e03310,20240701,2022_NOSK_A_2,2022,7,13,Nossuk Bay,eelgrass,Prince of Wales Island,-133.340919,55.708814,sample,Jessica Whitney,JMW,2024_01_31
e03310-C,e03310,20240701,2022_NOSK_A_2,2022,7,13,Nossuk Bay,eelgrass,Prince of Wales Island,-133.340919,55.708814,sample,Jessica Whitney,JMW,2024_01_31
e03311-A,e03311,20240701,2022_NOSK_A_3,2022,7,13,Nossuk Bay,eelgrass,Prince of Wales Island,-133.34083,55.708953,sample,Jessica Whitney,JMW,2024_01_31
e03311-B,e03311,20240701,2022_NOSK_A_3,2022,7,13,Nossuk Bay,eelgrass,Prince of Wales Island,-133.34083,55.708953,sample,Jessica Whitney,JMW,2024_01_31
e03311-C,e03311,20240701,2022_NOSK_A_3,2022,7,13,Nossuk Bay,eelgrass,Prince of Wales Island,-133.34083,55.708953,sample,Jessica Whitney,JMW,2024_01_31
e03312-A,e03312,20240701,2022_NOSK_A_4,2022,7,13,Nossuk Bay,eelgrass,Prince of Wales Island,NA,NA,field_blank,Jessica Whitney,JMW,2024_01_31
e03312-B,e03312,20240701,2022_NOSK_A_4,2022,7,13,Nossuk Bay,eelgrass,Prince of Wales Island,NA,NA,field_blank,Jessica Whitney,JMW,2024_01_31
e03312-C,e03312,20240701,2022_NOSK_A_4,2022,7,13,Nossuk Bay,eelgrass,Prince of Wales Island,NA,NA,field_blank,Jessica Whitney,JMW,2024_01_31
e03313-A,e03313,20240701,2022_REFU_A_1,2022,7,15,Port Refugio,eelgrass,Prince of Wales Island,-133.332695,55.284355,sample,Jessica Whitney,JMW,2024_01_31
e03313-B,e03313,20240701,2022_REFU_A_1,2022,7,15,Port Refugio,eelgrass,Prince of Wales Island,-133.332695,55.284355,sample,Jessica Whitney,JMW,2024_01_31
e03313-C,e03313,20240701,2022_REFU_A_1,2022,7,15,Port Refugio,eelgrass,Prince of Wales Island,-133.332695,55.284355,sample,Jessica Whitney,JMW,2024_01_31
e03314-A,e03314,20240701,2022_REFU_A_2,2022,7,15,Port Refugio,eelgrass,Prince of Wales Island,-133.332688,55.28437,sample,Jessica Whitney,JMW,2024_01_31
e03314-B,e03314,20240701,2022_REFU_A_2,2022,7,15,Port Refugio,eelgrass,Prince of Wales Island,-133.332688,55.28437,sample,Jessica Whitney,JMW,2024_01_31
e03314-C,e03314,20240701,2022_REFU_A_2,2022,7,15,Port Refugio,eelgrass,Prince of Wales Island,-133.332688,55.28437,sample,Jessica Whitney,JMW,2024_01_31
e03315-A,e03315,20240701,2022_REFU_A_3,2022,7,15,Port Refugio,eelgrass,Prince of Wales Island,-133.332443,55.284462,sample,Jessica Whitney,JMW,2024_01_31
e03315-B,e03315,20240701,2022_REFU_A_3,2022,7,15,Port Refugio,eelgrass,Prince of Wales Island,-133.332443,55.284462,sample,Jessica Whitney,JMW,2024_01_31
e03315-C,e03315,20240701,2022_REFU_A_3,2022,7,15,Port Refugio,eelgrass,Prince of Wales Island,-133.332443,55.284462,sample,Jessica Whitney,JMW,2024_01_31
e03316-A,e03316,20240701,2022_REFU_A_4,2022,7,15,Port Refugio,eelgrass,Prince of Wales Island,NA,NA,field_blank,Jessica Whitney,JMW,2024_01_31
e03316-B,e03316,20240701,2022_REFU_A_4,2022,7,15,Port Refugio,eelgrass,Prince of Wales Island,NA,NA,field_blank,Jessica Whitney,JMW,2024_01_31
e03316-C,e03316,20240701,2022_REFU_A_4,2022,7,15,Port Refugio,eelgrass,Prince of Wales Island,NA,NA,field_blank,Jessica Whitney,JMW,2024_01_31
e03317-A,e03317,20240701,2022_SFEI_A_1,2022,7,11,South Fish Egg Island,mixed,Prince of Wales Island,-133.175817,55.483952,sample,Jessica Whitney,JMW,2024_01_31
e03317-B,e03317,20240701,2022_SFEI_A_1,2022,7,11,South Fish Egg Island,mixed,Prince of Wales Island,-133.175817,55.483952,sample,Jessica Whitney,JMW,2024_01_31
e03317-C,e03317,20240701,2022_SFEI_A_1,2022,7,11,South Fish Egg Island,mixed,Prince of Wales Island,-133.175817,55.483952,sample,Jessica Whitney,JMW,2024_01_31
e03318-A,e03318,20240701,2022_SFEI_A_2,2022,7,11,South Fish Egg Island,mixed,Prince of Wales Island,-133.175829,55.484138,sample,Jessica Whitney,JMW,2024_01_31
e03318-B,e03318,20240701,2022_SFEI_A_2,2022,7,11,South Fish Egg Island,mixed,Prince of Wales Island,-133.175829,55.484138,sample,Jessica Whitney,JMW,2024_01_31
e03318-C,e03318,20240701,2022_SFEI_A_2,2022,7,11,South Fish Egg Island,mixed,Prince of Wales Island,-133.175829,55.484138,sample,Jessica Whitney,JMW,2024_01_31
e03319-A,e03319,20240701,2022_SFEI_A_3,2022,7,11,South Fish Egg Island,mixed,Prince of Wales Island,-133.175752,55.484266,sample,Jessica Whitney,JMW,2024_01_31
e03319-B,e03319,20240701,2022_SFEI_A_3,2022,7,11,South Fish Egg Island,mixed,Prince of Wales Island,-133.175752,55.484266,sample,Jessica Whitney,JMW,2024_01_31
e03319-C,e03319,20240701,2022_SFEI_A_3,2022,7,11,South Fish Egg Island,mixed,Prince of Wales Island,-133.175752,55.484266,sample,Jessica Whitney,JMW,2024_01_31
e03320-A,e03320,20240701,2022_SFEI_A_4,2022,7,11,South Fish Egg Island,mixed,Prince of Wales Island,NA,NA,field_blank,Jessica Whitney,JMW,2024_01_31
e03320-B,e03320,20240701,2022_SFEI_A_4,2022,7,11,South Fish Egg Island,mixed,Prince of Wales Island,NA,NA,field_blank,Jessica Whitney,JMW,2024_01_31
e03320-C,e03320,20240701,2022_SFEI_A_4,2022,7,11,South Fish Egg Island,mixed,Prince of Wales Island,NA,NA,field_blank,Jessica Whitney,JMW,2024_01_31
e03321-A,e03321,20240701,2022_GUKT_A_1,2022,7,12,Guktu Bay,eelgrass,Prince of Wales Island,-133.311965,55.740338,sample,Jessica Whitney,JMW,2024_01_31
e03321-B,e03321,20240701,2022_GUKT_A_1,2022,7,12,Guktu Bay,eelgrass,Prince of Wales Island,-133.311965,55.740338,sample,Jessica Whitney,JMW,2024_01_31
e03321-C,e03321,20240701,2022_GUKT_A_1,2022,7,12,Guktu Bay,eelgrass,Prince of Wales Island,-133.311965,55.740338,sample,Jessica Whitney,JMW,2024_01_31
e03322-A,e03322,20240701,2022_GUKT_A_2,2022,7,12,Guktu Bay,eelgrass,Prince of Wales Island,-133.31199,55.740311,sample,Jessica Whitney,JMW,2024_01_31
e03322-B,e03322,20240701,2022_GUKT_A_2,2022,7,12,Guktu Bay,eelgrass,Prince of Wales Island,-133.31199,55.740311,sample,Jessica Whitney,JMW,2024_01_31
e03322-C,e03322,20240701,2022_GUKT_A_2,2022,7,12,Guktu Bay,eelgrass,Prince of Wales Island,-133.31199,55.740311,sample,Jessica Whitney,JMW,2024_01_31
e03323-A,e03323,20240701,2022_GUKT_A_3,2022,7,12,Guktu Bay,eelgrass,Prince of Wales Island,-133.311913,55.740463,sample,Jessica Whitney,JMW,2024_01_31
e03323-B,e03323,20240701,2022_GUKT_A_3,2022,7,12,Guktu Bay,eelgrass,Prince of Wales Island,-133.311913,55.740463,sample,Jessica Whitney,JMW,2024_01_31
e03323-C,e03323,20240701,2022_GUKT_A_3,2022,7,12,Guktu Bay,eelgrass,Prince of Wales Island,-133.311913,55.740463,sample,Jessica Whitney,JMW,2024_01_31
e03324-A,e03324,20240701,2022_GUKT_A_4,2022,7,12,Guktu Bay,eelgrass,Prince of Wales Island,NA,NA,field_blank,Jessica Whitney,JMW,2024_01_31
e03324-B,e03324,20240701,2022_GUKT_A_4,2022,7,12,Guktu Bay,eelgrass,Prince of Wales Island,NA,NA,field_blank,Jessica Whitney,JMW,2024_01_31
e03324-C,e03324,20240701,2022_GUKT_A_4,2022,7,12,Guktu Bay,eelgrass,Prince of Wales Island,NA,NA,field_blank,Jessica Whitney,JMW,2024_01_31
e03325-A,e03325,20240701,2022_NFEI_A_1,2022,7,17,North Fish Egg Island,eelgrass,Prince of Wales Island,-133.166886,55.496151,sample,Jessica Whitney,JMW,2024_01_31
e03325-B,e03325,20240701,2022_NFEI_A_1,2022,7,17,North Fish Egg Island,eelgrass,Prince of Wales Island,-133.166886,55.496151,sample,Jessica Whitney,JMW,2024_01_31
e03325-C,e03325,20240701,2022_NFEI_A_1,2022,7,17,North Fish Egg Island,eelgrass,Prince of Wales Island,-133.166886,55.496151,sample,Jessica Whitney,JMW,2024_01_31
e03326-A,e03326,20240701,2022_NFEI_A_2,2022,7,17,North Fish Egg Island,eelgrass,Prince of Wales Island,-133.167191,55.496325,sample,Jessica Whitney,JMW,2024_01_31
e03326-B,e03326,20240701,2022_NFEI_A_2,2022,7,17,North Fish Egg Island,eelgrass,Prince of Wales Island,-133.167191,55.496325,sample,Jessica Whitney,JMW,2024_01_31
e03326-C,e03326,20240701,2022_NFEI_A_2,2022,7,17,North Fish Egg Island,eelgrass,Prince of Wales Island,-133.167191,55.496325,sample,Jessica Whitney,JMW,2024_01_31
e03327-A,e03327,20240701,2022_NFEI_A_3,2022,7,17,North Fish Egg Island,eelgrass,Prince of Wales Island,-133.101054,55.291786,sample,Jessica Whitney,JMW,2024_01_31
e03327-B,e03327,20240701,2022_NFEI_A_3,2022,7,17,North Fish Egg Island,eelgrass,Prince of Wales Island,-133.101054,55.291786,sample,Jessica Whitney,JMW,2024_01_31
e03327-C,e03327,20240701,2022_NFEI_A_3,2022,7,17,North Fish Egg Island,eelgrass,Prince of Wales Island,-133.101054,55.291786,sample,Jessica Whitney,JMW,2024_01_31
e03328-A,e03328,20240701,2022_NFEI_A_4,2022,7,17,North Fish Egg Island,eelgrass,Prince of Wales Island,NA,NA,field_blank,Jessica Whitney,JMW,2024_01_31
e03328-B,e03328,20240701,2022_NFEI_A_4,2022,7,17,North Fish Egg Island,eelgrass,Prince of Wales Island,NA,NA,field_blank,Jessica Whitney,JMW,2024_01_31
e03328-C,e03328,20240701,2022_NFEI_A_4,2022,7,17,North Fish Egg Island,eelgrass,Prince of Wales Island,NA,NA,field_blank,Jessica Whitney,JMW,2024_01_31
e03329-A,e03329,20240701,2022_KLWA_A_1,2022,7,25,Klawock Airport,eelgrass,Prince of Wales Island,-133.09376,55.576962,sample,Jessica Whitney,JMW,2024_01_31
e03329-B,e03329,20240701,2022_KLWA_A_1,2022,7,25,Klawock Airport,eelgrass,Prince of Wales Island,-133.09376,55.576962,sample,Jessica Whitney,JMW,2024_01_31
e03329-C,e03329,20240701,2022_KLWA_A_1,2022,7,25,Klawock Airport,eelgrass,Prince of Wales Island,-133.09376,55.576962,sample,Jessica Whitney,JMW,2024_01_31
e03330-A,e03330,20240701,2022_KLWA_A_2,2022,7,25,Klawock Airport,eelgrass,Prince of Wales Island,-133.093802,55.576958,sample,Jessica Whitney,JMW,2024_01_31
e03330-B,e03330,20240701,2022_KLWA_A_2,2022,7,25,Klawock Airport,eelgrass,Prince of Wales Island,-133.093802,55.576958,sample,Jessica Whitney,JMW,2024_01_31
e03330-C,e03330,20240701,2022_KLWA_A_2,2022,7,25,Klawock Airport,eelgrass,Prince of Wales Island,-133.093802,55.576958,sample,Jessica Whitney,JMW,2024_01_31
e03331-A,e03331,20240701,2022_KLWA_A_3,2022,7,25,Klawock Airport,eelgrass,Prince of Wales Island,-133.0941,55.577179,sample,Jessica Whitney,JMW,2024_01_31
e03331-B,e03331,20240701,2022_KLWA_A_3,2022,7,25,Klawock Airport,eelgrass,Prince of Wales Island,-133.0941,55.577179,sample,Jessica Whitney,JMW,2024_01_31
e03331-C,e03331,20240701,2022_KLWA_A_3,2022,7,25,Klawock Airport,eelgrass,Prince of Wales Island,-133.0941,55.577179,sample,Jessica Whitney,JMW,2024_01_31
e03332-A,e03332,20240701,2022_KLWA_A_4,2022,7,25,Klawock Airport,eelgrass,Prince of Wales Island,NA,NA,field_blank,Jessica Whitney,JMW,2024_01_31
e03332-B,e03332,20240701,2022_KLWA_A_4,2022,7,25,Klawock Airport,eelgrass,Prince of Wales Island,NA,NA,field_blank,Jessica Whitney,JMW,2024_01_31
e03332-C,e03332,20240701,2022_KLWA_A_4,2022,7,25,Klawock Airport,eelgrass,Prince of Wales Island,NA,NA,field_blank,Jessica Whitney,JMW,2024_01_31
e03333-A,e03333,20240701,2022_HALI_A_1,2022,7,26,Halibut Nose,mixed,Prince of Wales Island,-132.969503,55.216572,sample,Jessica Whitney,JMW,2024_01_31
e03333-B,e03333,20240701,2022_HALI_A_1,2022,7,26,Halibut Nose,mixed,Prince of Wales Island,-132.969503,55.216572,sample,Jessica Whitney,JMW,2024_01_31
e03333-C,e03333,20240701,2022_HALI_A_1,2022,7,26,Halibut Nose,mixed,Prince of Wales Island,-132.969503,55.216572,sample,Jessica Whitney,JMW,2024_01_31
e03334-A,e03334,20240701,2022_HALI_A_2,2022,7,26,Halibut Nose,mixed,Prince of Wales Island,-132.969439,55.216791,sample,Jessica Whitney,JMW,2024_01_31
e03334-B,e03334,20240701,2022_HALI_A_2,2022,7,26,Halibut Nose,mixed,Prince of Wales Island,-132.969439,55.216791,sample,Jessica Whitney,JMW,2024_01_31
e03334-C,e03334,20240701,2022_HALI_A_2,2022,7,26,Halibut Nose,mixed,Prince of Wales Island,-132.969439,55.216791,sample,Jessica Whitney,JMW,2024_01_31
e03335-A,e03335,20240701,2022_HALI_A_3,2022,7,26,Halibut Nose,mixed,Prince of Wales Island,-132.969413,55.217031,sample,Jessica Whitney,JMW,2024_01_31
e03335-B,e03335,20240701,2022_HALI_A_3,2022,7,26,Halibut Nose,mixed,Prince of Wales Island,-132.969413,55.217031,sample,Jessica Whitney,JMW,2024_01_31
e03335-C,e03335,20240701,2022_HALI_A_3,2022,7,26,Halibut Nose,mixed,Prince of Wales Island,-132.969413,55.217031,sample,Jessica Whitney,JMW,2024_01_31
e03336-A,e03336,20240701,2022_HALI_A_4,2022,7,26,Halibut Nose,mixed,Prince of Wales Island,NA,NA,field_blank,Jessica Whitney,JMW,2024_01_31
e03336-B,e03336,20240701,2022_HALI_A_4,2022,7,26,Halibut Nose,mixed,Prince of Wales Island,NA,NA,field_blank,Jessica Whitney,JMW,2024_01_31
e03336-C,e03336,20240701,2022_HALI_A_4,2022,7,26,Halibut Nose,mixed,Prince of Wales Island,NA,NA,field_blank,Jessica Whitney,JMW,2024_01_31
e03337-A,e03337,20240701,2022_KARH_A_1,2022,7,27,Karheen,mixed,Prince of Wales Island,-133.321813,55.789496,sample,Jessica Whitney,JMW,2024_01_31
e03337-B,e03337,20240701,2022_KARH_A_1,2022,7,27,Karheen,mixed,Prince of Wales Island,-133.321813,55.789496,sample,Jessica Whitney,JMW,2024_01_31
e03337-C,e03337,20240701,2022_KARH_A_1,2022,7,27,Karheen,mixed,Prince of Wales Island,-133.321813,55.789496,sample,Jessica Whitney,JMW,2024_01_31
e03338-A,e03338,20240701,2022_KARH_A_2,2022,7,27,Karheen,mixed,Prince of Wales Island,-133.32157,55.789869,sample,Jessica Whitney,JMW,2024_01_31
e03338-B,e03338,20240701,2022_KARH_A_2,2022,7,27,Karheen,mixed,Prince of Wales Island,-133.32157,55.789869,sample,Jessica Whitney,JMW,2024_01_31
e03338-C,e03338,20240701,2022_KARH_A_2,2022,7,27,Karheen,mixed,Prince of Wales Island,-133.32157,55.789869,sample,Jessica Whitney,JMW,2024_01_31
e03339-A,e03339,20240701,2022_KARH_A_3,2022,7,27,Karheen,mixed,Prince of Wales Island,-133.321314,55.789982,sample,Jessica Whitney,JMW,2024_01_31
e03339-B,e03339,20240701,2022_KARH_A_3,2022,7,27,Karheen,mixed,Prince of Wales Island,-133.321314,55.789982,sample,Jessica Whitney,JMW,2024_01_31
e03339-C,e03339,20240701,2022_KARH_A_3,2022,7,27,Karheen,mixed,Prince of Wales Island,-133.321314,55.789982,sample,Jessica Whitney,JMW,2024_01_31
e03340-A,e03340,20240701,2022_KARH_A_4,2022,7,27,Karheen,mixed,Prince of Wales Island,NA,NA,field_blank,Jessica Whitney,JMW,2024_01_31
e03340-B,e03340,20240701,2022_KARH_A_4,2022,7,27,Karheen,mixed,Prince of Wales Island,NA,NA,field_blank,Jessica Whitney,JMW,2024_01_31
e03340-C,e03340,20240701,2022_KARH_A_4,2022,7,27,Karheen,mixed,Prince of Wales Island,NA,NA,field_blank,Jessica Whitney,JMW,2024_01_31
e03341-A,e03341,20240701,blank1,NA,NA,NA,NA,NA,NA,NA,NA,extraction_blank,,JMW,2024_01_31
e03341-B,e03341,20240701,blank1,NA,NA,NA,NA,NA,NA,NA,NA,extraction_blank,,JMW,2024_01_31
e03341-C,e03341,20240701,blank1,NA,NA,NA,NA,NA,NA,NA,NA,extraction_blank,,JMW,2024_01_31
e03342-A,e03342,20240701,blank2,NA,NA,NA,NA,NA,NA,NA,NA,extraction_blank,,JMW,2024_01_31
e03342-B,e03342,20240701,blank2,NA,NA,NA,NA,NA,NA,NA,NA,extraction_blank,,JMW,2024_01_31
e03342-C,e03342,20240701,blank2,NA,NA,NA,NA,NA,NA,NA,NA,extraction_blank,,JMW,2024_01_31
e03343-A,e03343,20240701,blank3,NA,NA,NA,NA,NA,NA,NA,NA,extraction_blank,,JMW,2024_01_31
e03343-B,e03343,20240701,blank3,NA,NA,NA,NA,NA,NA,NA,NA,extraction_blank,,JMW,2024_01_31
e03343-C,e03343,20240701,blank3,NA,NA,NA,NA,NA,NA,NA,NA,extraction_blank,,JMW,2024_01_31
e03344-A,e03344,20240701,blank4,NA,NA,NA,NA,NA,NA,NA,NA,extraction_blank,,JMW,2024_01_31
e03344-B,e03344,20240701,blank4,NA,NA,NA,NA,NA,NA,NA,NA,extraction_blank,,JMW,2024_01_31
e03344-C,e03344,20240701,blank4,NA,NA,NA,NA,NA,NA,NA,NA,extraction_blank,,JMW,2024_01_31
e03345-A,e03345,20240701,blank5,NA,NA,NA,NA,NA,NA,NA,NA,extraction_blank,,JMW,2024_01_31
e03345-B,e03345,20240701,blank5,NA,NA,NA,NA,NA,NA,NA,NA,extraction_blank,,JMW,2024_01_31
e03345-C,e03345,20240701,blank5,NA,NA,NA,NA,NA,NA,NA,NA,extraction_blank,,JMW,2024_01_31
e03346-A,e03346,20240701,blank6,NA,NA,NA,NA,NA,NA,NA,NA,extraction_blank,,JMW,2024_01_31
e03346-B,e03346,20240701,blank6,NA,NA,NA,NA,NA,NA,NA,NA,extraction_blank,,JMW,2024_01_31
e03346-C,e03346,20240701,blank6,NA,NA,NA,NA,NA,NA,NA,NA,extraction_blank,,JMW,2024_01_31
e03347-A,e03347,20240701,blank7,NA,NA,NA,NA,NA,NA,NA,NA,extraction_blank,,JMW,2024_01_31
e03347-B,e03347,20240701,blank7,NA,NA,NA,NA,NA,NA,NA,NA,extraction_blank,,JMW,2024_01_31
e03347-C,e03347,20240701,blank7,NA,NA,NA,NA,NA,NA,NA,NA,extraction_blank,,JMW,2024_01_31
e03348-A,e03348,20240701,blank8,NA,NA,NA,NA,NA,NA,NA,NA,extraction_blank,,JMW,2024_01_31
e03348-B,e03348,20240701,blank8,NA,NA,NA,NA,NA,NA,NA,NA,extraction_blank,,JMW,2024_01_31
e03348-C,e03348,20240701,blank8,NA,NA,NA,NA,NA,NA,NA,NA,extraction_blank,,JMW,2024_01_31
e03349-A,e03349,20240701,blank9,NA,NA,NA,NA,NA,NA,NA,NA,extraction_blank,,JMW,2024_01_31
e03349-B,e03349,20240701,blank9,NA,NA,NA,NA,NA,NA,NA,NA,extraction_blank,,JMW,2024_01_31
e03349-C,e03349,20240701,blank9,NA,NA,NA,NA,NA,NA,NA,NA,extraction_blank,,JMW,2024_01_31
e03350-A,e03350,20240701,blank10,NA,NA,NA,NA,NA,NA,NA,NA,extraction_blank,,JMW,2024_01_31
e03350-B,e03350,20240701,blank10,NA,NA,NA,NA,NA,NA,NA,NA,extraction_blank,,JMW,2024_01_31
e03350-C,e03350,20240701,blank10,NA,NA,NA,NA,NA,NA,NA,NA,extraction_blank,,JMW,2024_01_31
NC21-1-A,NC21-1,20240701,NA,NA,NA,NA,NA,NA,NA,NA,NA,pcr_blank,NA,NA,NA
NC21-1-B,NC21-1,20240701,NA,NA,NA,NA,NA,NA,NA,NA,NA,pcr_blank,NA,NA,NA
NC21-1-C,NC21-1,20240701,NA,NA,NA,NA,NA,NA,NA,NA,NA,pcr_blank,NA,NA,NA
NC21-2-A,NC21-2,20240701,NA,NA,NA,NA,NA,NA,NA,NA,NA,pcr_blank,NA,NA,NA
NC21-2-B,NC21-2,20240701,NA,NA,NA,NA,NA,NA,NA,NA,NA,pcr_blank,NA,NA,NA
NC21-2-C,NC21-2,20240701,NA,NA,NA,NA,NA,NA,NA,NA,NA,pcr_blank,NA,NA,NA
NC21-3-A,NC21-3,20240701,NA,NA,NA,NA,NA,NA,NA,NA,NA,pcr_blank,NA,NA,NA
NC21-3-B,NC21-3,20240701,NA,NA,NA,NA,NA,NA,NA,NA,NA,pcr_blank,NA,NA,NA
NC21-3-C,NC21-3,20240701,NA,NA,NA,NA,NA,NA,NA,NA,NA,pcr_blank,NA,NA,NA
NC21-4-A,NC21-4,20240701,NA,NA,NA,NA,NA,NA,NA,NA,NA,pcr_blank,NA,NA,NA
NC21-4-B,NC21-4,20240701,NA,NA,NA,NA,NA,NA,NA,NA,NA,pcr_blank,NA,NA,NA
NC21-4-C,NC21-4,20240701,NA,NA,NA,NA,NA,NA,NA,NA,NA,pcr_blank,NA,NA,NA
NC22-1-A,NC22-1,20240701,NA,NA,NA,NA,NA,NA,NA,NA,NA,pcr_blank,NA,NA,NA
NC22-1-B,NC22-1,20240701,NA,NA,NA,NA,NA,NA,NA,NA,NA,pcr_blank,NA,NA,NA
NC22-1-C,NC22-1,20240701,NA,NA,NA,NA,NA,NA,NA,NA,NA,pcr_blank,NA,NA,NA
NC22-2-A,NC22-2,20240701,NA,NA,NA,NA,NA,NA,NA,NA,NA,pcr_blank,NA,NA,NA
NC22-2-B,NC22-2,20240701,NA,NA,NA,NA,NA,NA,NA,NA,NA,pcr_blank,NA,NA,NA
NC22-2-C,NC22-2,20240701,NA,NA,NA,NA,NA,NA,NA,NA,NA,pcr_blank,NA,NA,NA
NC22-3-A,NC22-3,20240701,NA,NA,NA,NA,NA,NA,NA,NA,NA,pcr_blank,NA,NA,NA
NC22-3-B,NC22-3,20240701,NA,NA,NA,NA,NA,NA,NA,NA,NA,pcr_blank,NA,NA,NA
NC22-3-C,NC22-3,20240701,NA,NA,NA,NA,NA,NA,NA,NA,NA,pcr_blank,NA,NA,NA
NC22-4-A,NC22-4,20240701,NA,NA,NA,NA,NA,NA,NA,NA,NA,pcr_blank,NA,NA,NA
NC22-4-B,NC22-4,20240701,NA,NA,NA,NA,NA,NA,NA,NA,NA,pcr_blank,NA,NA,NA
NC22-4-C,NC22-4,20240701,NA,NA,NA,NA,NA,NA,NA,NA,NA,pcr_blank,NA,NA,NA
NC22-5-A,NC22-5,20240701,NA,NA,NA,NA,NA,NA,NA,NA,NA,pcr_blank,NA,NA,NA
NC22-5-B,NC22-5,20240701,NA,NA,NA,NA,NA,NA,NA,NA,NA,pcr_blank,NA,NA,NA
NC22-5-C,NC22-5,20240701,NA,NA,NA,NA,NA,NA,NA,NA,NA,pcr_blank,NA,NA,NA
PC21-1-A,PC21-1,20240701,NA,NA,NA,NA,NA,NA,NA,NA,NA,positive,NA,NA,NA
PC21-1-B,PC21-1,20240701,NA,NA,NA,NA,NA,NA,NA,NA,NA,positive,NA,NA,NA
PC21-1-C,PC21-1,20240701,NA,NA,NA,NA,NA,NA,NA,NA,NA,positive,NA,NA,NA
PC21-2-A,PC21-2,20240701,NA,NA,NA,NA,NA,NA,NA,NA,NA,positive,NA,NA,NA
PC21-2-B,PC21-2,20240701,NA,NA,NA,NA,NA,NA,NA,NA,NA,positive,NA,NA,NA
PC21-2-C,PC21-2,20240701,NA,NA,NA,NA,NA,NA,NA,NA,NA,positive,NA,NA,NA
PC21-3-A,PC21-3,20240701,NA,NA,NA,NA,NA,NA,NA,NA,NA,positive,NA,NA,NA
PC21-3-B,PC21-3,20240701,NA,NA,NA,NA,NA,NA,NA,NA,NA,positive,NA,NA,NA
PC21-3-C,PC21-3,20240701,NA,NA,NA,NA,NA,NA,NA,NA,NA,positive,NA,NA,NA
PC21-4-A,PC21-4,20240701,NA,NA,NA,NA,NA,NA,NA,NA,NA,positive,NA,NA,NA
PC21-4-B,PC21-4,20240701,NA,NA,NA,NA,NA,NA,NA,NA,NA,positive,NA,NA,NA
PC21-4-C,PC21-4,20240701,NA,NA,NA,NA,NA,NA,NA,NA,NA,positive,NA,NA,NA
PC22-1-A,PC22-1,20240701,NA,NA,NA,NA,NA,NA,NA,NA,NA,positive,NA,NA,NA
PC22-1-B,PC22-1,20240701,NA,NA,NA,NA,NA,NA,NA,NA,NA,positive,NA,NA,NA
PC22-1-C,PC22-1,20240701,NA,NA,NA,NA,NA,NA,NA,NA,NA,positive,NA,NA,NA
PC22-2-A,PC22-2,20240701,NA,NA,NA,NA,NA,NA,NA,NA,NA,positive,NA,NA,NA
PC22-2-B,PC22-2,20240701,NA,NA,NA,NA,NA,NA,NA,NA,NA,positive,NA,NA,NA
PC22-2-C,PC22-2,20240701,NA,NA,NA,NA,NA,NA,NA,NA,NA,positive,NA,NA,NA
PC22-3-A,PC22-3,20240701,NA,NA,NA,NA,NA,NA,NA,NA,NA,positive,NA,NA,NA
PC22-3-B,PC22-3,20240701,NA,NA,NA,NA,NA,NA,NA,NA,NA,positive,NA,NA,NA
PC22-3-C,PC22-3,20240701,NA,NA,NA,NA,NA,NA,NA,NA,NA,positive,NA,NA,NA
PC22-4-A,PC22-4,20240701,NA,NA,NA,NA,NA,NA,NA,NA,NA,positive,NA,NA,NA
PC22-4-B,PC22-4,20240701,NA,NA,NA,NA,NA,NA,NA,NA,NA,positive,NA,NA,NA
PC22-4-C,PC22-4,20240701,NA,NA,NA,NA,NA,NA,NA,NA,NA,positive,NA,NA,NA
COM1-A,COM1,20240820,NA,NA,NA,NA,NA,NA,NA,NA,NA,mock,NA,NA,NA
COM1-B,COM1,20240820,NA,NA,NA,NA,NA,NA,NA,NA,NA,mock,NA,NA,NA
COM1-C,COM1,20240820,NA,NA,NA,NA,NA,NA,NA,NA,NA,mock,NA,NA,NA
COM10-A,COM10,20240820,NA,NA,NA,NA,NA,NA,NA,NA,NA,mock,NA,NA,NA
COM10-B,COM10,20240820,NA,NA,NA,NA,NA,NA,NA,NA,NA,mock,NA,NA,NA
COM10-C,COM10,20240820,NA,NA,NA,NA,NA,NA,NA,NA,NA,mock,NA,NA,NA
COM2-A,COM2,20240820,NA,NA,NA,NA,NA,NA,NA,NA,NA,mock,NA,NA,NA
COM2-B,COM2,20240820,NA,NA,NA,NA,NA,NA,NA,NA,NA,mock,NA,NA,NA
COM2-C,COM2,20240820,NA,NA,NA,NA,NA,NA,NA,NA,NA,mock,NA,NA,NA
COM3-A,COM3,20240820,NA,NA,NA,NA,NA,NA,NA,NA,NA,mock,NA,NA,NA
COM3-B,COM3,20240820,NA,NA,NA,NA,NA,NA,NA,NA,NA,mock,NA,NA,NA
COM3-C,COM3,20240820,NA,NA,NA,NA,NA,NA,NA,NA,NA,mock,NA,NA,NA
COM4-A,COM4,20240820,NA,NA,NA,NA,NA,NA,NA,NA,NA,mock,NA,NA,NA
COM4-B,COM4,20240820,NA,NA,NA,NA,NA,NA,NA,NA,NA,mock,NA,NA,NA
COM4-C,COM4,20240820,NA,NA,NA,NA,NA,NA,NA,NA,NA,mock,NA,NA,NA
COM5-A,COM5,20240820,NA,NA,NA,NA,NA,NA,NA,NA,NA,mock,NA,NA,NA
COM5-B,COM5,20240820,NA,NA,NA,NA,NA,NA,NA,NA,NA,mock,NA,NA,NA
COM5-C,COM5,20240820,NA,NA,NA,NA,NA,NA,NA,NA,NA,mock,NA,NA,NA
COM6-A,COM6,20240820,NA,NA,NA,NA,NA,NA,NA,NA,NA,mock,NA,NA,NA
COM6-B,COM6,20240820,NA,NA,NA,NA,NA,NA,NA,NA,NA,mock,NA,NA,NA
COM6-C,COM6,20240820,NA,NA,NA,NA,NA,NA,NA,NA,NA,mock,NA,NA,NA
COM7-A,COM7,20240820,NA,NA,NA,NA,NA,NA,NA,NA,NA,mock,NA,NA,NA
COM7-B,COM7,20240820,NA,NA,NA,NA,NA,NA,NA,NA,NA,mock,NA,NA,NA
COM7-C,COM7,20240820,NA,NA,NA,NA,NA,NA,NA,NA,NA,mock,NA,NA,NA
COM8-A,COM8,20240820,NA,NA,NA,NA,NA,NA,NA,NA,NA,mock,NA,NA,NA
COM8-B,COM8,20240820,NA,NA,NA,NA,NA,NA,NA,NA,NA,mock,NA,NA,NA
COM8-C,COM8,20240820,NA,NA,NA,NA,NA,NA,NA,NA,NA,mock,NA,NA,NA
COM9-A,COM9,20240820,NA,NA,NA,NA,NA,NA,NA,NA,NA,mock,NA,NA,NA
COM9-B,COM9,20240820,NA,NA,NA,NA,NA,NA,NA,NA,NA,mock,NA,NA,NA
COM9-C,COM9,20240820,NA,NA,NA,NA,NA,NA,NA,NA,NA,mock,NA,NA,NA
COM11-A,COM11,20241104,NA,NA,NA,NA,NA,NA,NA,NA,NA,mock,NA,NA,NA
COM11-B,COM11,20241104,NA,NA,NA,NA,NA,NA,NA,NA,NA,mock,NA,NA,NA
COM11-C,COM11,20241104,NA,NA,NA,NA,NA,NA,NA,NA,NA,mock,NA,NA,NA
COM12-A,COM12,20241104,NA,NA,NA,NA,NA,NA,NA,NA,NA,mock,NA,NA,NA
COM12-B,COM12,20241104,NA,NA,NA,NA,NA,NA,NA,NA,NA,mock,NA,NA,NA
COM12-C,COM12,20241104,NA,NA,NA,NA,NA,NA,NA,NA,NA,mock,NA,NA,NA
COM13-A,COM13,20241104,NA,NA,NA,NA,NA,NA,NA,NA,NA,mock,NA,NA,NA
COM13-B,COM13,20241104,NA,NA,NA,NA,NA,NA,NA,NA,NA,mock,NA,NA,NA
COM13-C,COM13,20241104,NA,NA,NA,NA,NA,NA,NA,NA,NA,mock,NA,NA,NA
COMNC-A,COMNC,20241104,NA,NA,NA,NA,NA,NA,NA,NA,NA,pcr_blank,NA,NA,NA
COMNC-B,COMNC,20241104,NA,NA,NA,NA,NA,NA,NA,NA,NA,pcr_blank,NA,NA,NA
COMPC-C,COMPC,20241104,NA,NA,NA,NA,NA,NA,NA,NA,NA,positive,NA,NA,NA
