"","sequence","accession","amplicon_length","taxid","superkingdom","phylum","class","order","family","genus","species","num_of_accessions"
"1","CACCGCGGTTATACGAGAGGCCCAAGCTGATAGACCCCGGCGTAAAGAGTGGTTAAGGTAAACTTAAAACTAAAGCCGAACACCCTCACAGCTGTTATACGCACCCGAGAGTAAGAAGCCCAACTACGAAAGTGGCTTTACAACCCCTGAACCCACGAAAGCTATGACA","AB969933.1, LC092031.1, LC092032.1, LC037144.1",169,"215382","Eukaryota","Chordata","Actinopteri","Uranoscopiformes","Ammodytidae","Ammodytes","Ammodytes japonicus, Ammodytes personatus",4
"2","GCCACCGCGGTTATACGAGAGGCCCAAGCTGATAGACCCCGGCGTAAAGAGTGGTTAAGGTAAACTTAAAACTAAAGCCGAACACCCTCACAGCTGTTATACGCACCCGAGAGTAAGAAGCCCAACTACGAAAGTGGCTTTACAACCCCTGAACCCACGAAAGCTATGACACA","MK163332.1, MK163331.1, MK163330.1, AP006023.1, LC672485.1, KF672362.1, JQ085861.1, NC_021374.1",173,"215382","Eukaryota","Chordata","Actinopteri","Uranoscopiformes","Ammodytidae","Ammodytes","Ammodytes personatus, Ammodytes japonicus",8
"3","CACCGCGGTTATACGAGAGGCCCAAGTTGATAACCACCGGCGTAAAGCGTGGTTAAGTTGAAACTCACACTAAAGTCAAACATCTTCAAGACTGTTATACGTAACCGAAGACAGGAAGTTCAACCACGAAAGTGACTTTATTTGATCTGAACCCACGAAAGCTACGGAA","LC036769.1, LC091951.1",169,"573213","Eukaryota","Chordata","Actinopteri","Perciformes","Agonidae","Blepsias","Blepsias cirrhosus",2
"4","GCCACCGCGGTTATACGAGAGGCCCAAGTTGATAACCACCGGCGTAAAGCGTGGTTAAGTTGAAACTCACACTAAAGTCAAACATCTTCAAGACTGTTATACGTAACCGAAGACAGGAAGTTCAACCACGAAAGTGACTTTATTTGATCTGAACCCACGAAAGCTACGGAACA","LC493928.1, LC671310.1",173,"573213","Eukaryota","Chordata","Actinopteri","Perciformes","Agonidae","Blepsias","Blepsias cirrhosus",2
"5","GCCACCGCGGTTATACGAGAGGCCCAAGTTGATAACCACCGGCGTAAAGCGTGGTTAAGTTGAAACTCATACTAAAGTCAAACATCTTCAAGACTGTTATACGTAACCGAAGACAGGAAGTTCAACCACGAAAGTGACTTTATTTGATCTGAACCCACGAAAGCTACGGAACA","KM057948.1",173,"573213","Eukaryota","Chordata","Actinopteri","Perciformes","Agonidae","Blepsias","Blepsias cirrhosus",1
"6","CACCGCGGTTATACGAGAGACCCTAGTTGATATACTCGGCGTAAAGAGTGGTTATGGAAAACAAGCACTAAAGCCAAAGAGCCCTCAGGCCGTTATACGCACCCGGGGCCTCGAACCACTATCACGAAAGTAGCTTTACCCTCGCCCACCAGAACCCACGAGAGCTGGG","LC552350.1, LC091582.1, LC091581.1, LC091580.1, LC020932.1",169,"30724","Eukaryota","Chordata","Actinopteri","Clupeiformes","Clupeidae","Clupea","Clupea pallasii",5
"7","CACCGCGGTTATACGAGAGACCCTAGTTGATATACTCGGCGTAAAGAGTGGTTATGGAAAACAAGCACTAGAGCCAAAGAGCCCTCAGGCCGTTATACGCACCCGGGGCCTCGAACCACTATCACGAAAGTAGCTTTACCCTCGCCCACCAGAACCCACGAGAGCTGGG","LC091579.1",169,"30724","Eukaryota","Chordata","Actinopteri","Clupeiformes","Clupeidae","Clupea","Clupea pallasii",1
"8","GCCACCGCGGTTATACGAGAGACCCTAGTTGATATACTCGGCGTAAAGAGTGGTTATGGAAAACAAGCACTAAAGCCAAAGAGCCCTCAGGCCGTTATACGCACCCGGGGCCTCGAACCACTATCACGAAAGTAGCTTTACCCTCGCCCACCAGAACCCACGAGAGCTGGGACACA","AP009134.1, NC_009578.1",176,"30724","Eukaryota","Chordata","Actinopteri","Clupeiformes","Clupeidae","Clupea","Clupea pallasii",2
"9","CACCGCGGTTATACGAGCGACCCAAGTTGATAGACAACGGCGTAAAGGGTGGTTAAGATACTAATAAACTAAAGCCGAACGCCCTCAGGACTGTTATACGTTTCTGAAGGTAAGAAGTTCTACTACGAAAGTGGCTTTAATACTACTGACCCCACGAAAGCTGCGGAA","LC104608.1, LC091978.1, LC091977.1",168,"50794","Eukaryota","Chordata","Actinopteri",NA,"Embiotocidae","Cymatogaster","Cymatogaster aggregata",3
"10","GCCACCGCGGTTATACGAGCGACCCAAGTTGATAGACAACGGCGTAAAGGGTGGTTAAGATACTAATAAACTAAAGCCGAACGCCCTCAGGACTGTTATACGTTTCTGAAGGTAAGAAGTTCTACTACGAAAGTGGCTTTAATACTACTGACCCCACGAAAGCTGCGGAACA","OL404933.1, FJ616394.1, AP009128.1, NC_009059.1",172,"50794","Eukaryota","Chordata","Actinopteri",NA,"Embiotocidae","Cymatogaster","Cymatogaster aggregata",4
"11","ACCGCGGTTATACGAGAGGCCCGAATTGATGAAAAACGGCGTAAAGCGTGGTTAAGAAAAGAGAGAAAATATGGCCGAACAGCTTCAAAGCAGTTATACGCATCCGAAGTCACGAAGAACAATCACGAAAGTTGCCCTAAAACCTCCGATTCCACGAAAGCCATAAA","MN154388.1",167,"80720","Eukaryota","Chordata","Actinopteri","Gadiformes","Gadidae","Gadus","Gadus macrocephalus",1
"12","CACCGCGGTTATACGAGAGGCCCAAATTGATGAAAAACGGCGTAAAGCGTGGTTAAGAAAAAAGAGAAAATATGGCCGAACAGCTTCAAAGCAGTTATACGCATCCGAAGTCACGAAGAACAATCACGAAAGTTGCCCTAAAACCTCCGATTCCACGAAAGCCATAAAA","LC091827.1",169,"80720","Eukaryota","Chordata","Actinopteri","Gadiformes","Gadidae","Gadus","Gadus macrocephalus",1
"13","CACCGCGGTTATACGAGAGGCCCAAATTGATGAAAAACGGCGTAAAGCGTGGTTAAGAAAAAAGAGAAAATATGGCCGAACAGCTTCAAAGCAGTTATACGCATCCGAAGTCACGAAGAACAGTCACGAAAGTTGCCCTAAAACCTCCGATTCCACGAAAGCCATAAAA","LC091826.1",169,"80720","Eukaryota","Chordata","Actinopteri","Gadiformes","Gadidae","Gadus","Gadus macrocephalus",1
"14","CACCGCGGTTATACGAGAGGCCCAAATTGATGAAAAACGGCGTAAAGCGTGGTTAAGAAAAGAGAGAAAATATGGCCGAACAACTTCAAAGCAGTTATACGCATCCGAAGTCACGAAGAACAATCACGAAAGTTGCCCTAAAACCTCCGATTCCACGAAAGCCATAAAA","LC021203.1",169,"80720","Eukaryota","Chordata","Actinopteri","Gadiformes","Gadidae","Gadus","Gadus macrocephalus",1
"15","GCCACCGCGGTTATACGAGAGGCCCAAATTGATGAAAAACGGCGTAAAGCGTGGTTAAGNNAAAAAGAGAAAATATGGCCGAACAGCTTCAAAGCAGTTATACGCATCCGAAGTCACGAAGAACAATCACGAAAGTTGCCCTAAAACCTCCGATTCCACGAAAGCCATAAAACA","DQ356937.1",174,"80720","Eukaryota","Chordata","Actinopteri","Gadiformes","Gadidae","Gadus","Gadus macrocephalus",1
"16","GCCACCGCGGTTATACGAGAGGCCCGAATTGATGAAAAACGGCGTAAAGCGTGGTTAAGAAAAAAGAGAAAATATGGCCGAACAGCTTCAAAGCAGTTATACGCATCCGAAGTCACGAAGAACAATCACGAAAGTTGCCCTAAAACCTCCGATTCCACGAAAGCCATAAAACA","KP644362.1",173,"80720","Eukaryota","Chordata","Actinopteri","Gadiformes","Gadidae","Gadus","Gadus macrocephalus",1
"17","GCCACCGCGGTTATACGAGAGGCCCAAATTGATGAAAAACGGCGTAAAGCGTGGTTAAGNAAAAAAGAGAAAATATGGCCGAACAGCTTCAAAGCAGTTATACGCATCCGAAGTCACGAAGAACAATCACGAAAGTTGCCCTAAAACCTCCGATTCCACGAAAGCCATAAAACA","DQ356938.1, DQ356946.1",174,"80720","Eukaryota","Chordata","Actinopteri","Gadiformes","Gadidae","Gadus","Gadus macrocephalus, Gadus chalcogrammus",2
"18","GCCACCGCGGTTATACGAGAGGCCCAAATTGATGAAAAACGGCGTAAAGCGTGGTTAAGAAAAAAGAGAAAATATGGCCGAACAGCTTCAAAGCAGTTATACGCATCCGAAGTCACGAAGAACAATCACGAAAGTTGCCCTAAAACCTCCGATTCCACGAAAGCCATAAAACA","MN122852.1, MH035595.1, MH035594.1, LS999407.1, LS999106.1, LS999105.1, LS999102.1, LS999101.1, LS999100.1, LS999099.1, LS997673.1, KX267089.1, KX267088.1, KX267087.1, KX267086.1, KX267085.1, KX267084.1, KX267083.1, KX267082.1, KX267081.1, KX267080.1, KX267079.1, KX267078.1, KX267077.1, KX267076.1, KX267075.1, KX267074.1, KX267073.1, KX267072.1, KX267071.1, KX267070.1, KX267069.1, KX267068.1, KX267067.1, KX267066.1, KX267065.1, KX267064.1, KX267063.1, KX267062.1, KX267061.1, KX267060.1, KX267059.1, KX267058.1, KX267057.1, KX267056.1, KX267055.1, KX267054.1, KX267052.1, KX267051.1, KX267050.1, KX267049.1, KX267047.1, KX267045.1, KX267044.1, KX267043.1, KX267042.1, KX267041.1, KX267040.1, KX267039.1, KX267038.1, KX267037.1, KX267036.1, KX267035.1, KX267034.1, KX267033.1, KX267032.1, KX267031.1, KX267030.1, KX267029.1, KX267028.1, KX267027.1, KX267026.1, KX267025.1, KX267024.1, KX267023.1, KX267022.1, KX267021.1, KX267020.1, KX267019.1, KX267018.1, KX267017.1, KX267016.1, KX267015.1, KX267014.1, KX267013.1, KX267012.1, KX267011.1, KX267010.1, KX267009.1, KX267008.1, KX267007.1, KX267006.1, KX267005.1, KX267004.1, KX267003.1, KX267002.1, KX267001.1, KX267000.1, KX266999.1, KX266998.1, KX266997.1, KX266996.1, KX266995.1, KX266994.1, KX266993.1, KX266992.1, KX266991.1, KX266990.1, KX266989.1, KX266988.1, KX266987.1, KX266986.1, KX266985.1, KX266984.1, KX266983.1, KX266982.1, KX266981.1, KX266980.1, KX266979.1, KX266978.1, KX266977.1, KX266976.1, KX266975.1, KX266974.1, KX266973.1, KX266972.1, KX266971.1, KX266970.1, KX266969.1, NC_036931.1, KY296294.1, AP017650.1, KP644356.1, OM174271.1, HG514359.1, EU877741.1, EU877740.1, EU877738.1, EU877737.1, EU877735.1, EU877734.1, EU877733.1, EU877732.1, EU877731.1, EU877730.1, EU877729.1, EU877728.1, EU877726.1, EU877725.1, EU877724.1, EU877723.1, EU877722.1, EU877721.1, EU877720.1, EU877719.1, EU877718.1, EU877717.1, EU877716.1, EU877715.1, EU877714.1, EU877713.1, EU877712.1, EU877711.1, EU877710.1, AM489716.1, DQ356939.1, NC_002081.1, CM021417.1",173,"80720","Eukaryota","Chordata","Actinopteri","Gadiformes","Gadidae","Gadus","Gadus morhua, Gadus chalcogrammus, Gadus macrocephalus",168
"19","ACCGCGGTTATACGAGAGACCCAAGTTGATGAATTCCGGCGTAAAGAGTGGTTAAGCTAAAATTAAAACTAAAGCCGAACGCCCCCAAAGCTGTTATACGCACCCGGAGGTGAGAAGTTCAACCACGAAGGTGACTTTATTTAACCTGAACCCACGAAAGCTACGGC","LC193249.1",167,"69293","Eukaryota","Chordata","Actinopteri","Perciformes","Gasterosteidae","Gasterosteus","Gasterosteus aculeatus",1
"20","CACCGCGGTTATACGAGAGGCCCAAGTTGATGAATTACGGCGTAAAGAGTGGTTAAGCTAAAATTAAAACTAAAGCCGAACACCCCCAAAGCTGTTATACGCATCCGGAGGTGAGAAGTTCAACCACGAAGGTGGCTTTATCTAACCTGAACCCACGAAAGCTACGG","LC091881.1",167,"69293","Eukaryota","Chordata","Actinopteri","Perciformes","Gasterosteidae","Gasterosteus","Gasterosteus aculeatus",1
"21","GCCACCGCGGTTATACGAGAGGCCCAAGTTGATGAATTACGGCGTAAAGAGTGGTTAAGCTAAAATTAAAACTAAAGCCGAACACCCCCAAAGCTGTTATACGCATCCGGAGGTGAGAAGTTCAACCACGAAGGTGGCTTTATCTAACCTGAACCCACGAAAGCTACGGCACA","MN122917.1, NC_041244.1, OM736816.1, OL404937.1, MW856891.1, MW856890.1, MH205729.1",173,"69293","Eukaryota","Chordata","Actinopteri","Perciformes","Gasterosteidae","Gasterosteus","Gasterosteus aculeatus",7
"22","CACCGCGGTTATACGAGAGGCCCAAGTTGATGAATTCCGGCGTAAAGAGTGGTTAAGCTAAAATTAAAACTAAAGCCGAACGCCCCCAAAGCTGTTATACGCATCCGGAGGTGAGAAGTTCAACCACGAAGGTGGCTTTATTTAACCTGAACCCACGAAAGCTACGG","LC026580.1, LC146205.1, LC500747.1, LC340352.1, LC277885.1",167,"69293","Eukaryota","Chordata","Actinopteri","Perciformes","Gasterosteidae","Gasterosteus","Gasterosteus aculeatus, Gasterosteus nipponicus",5
"23","CACCGCGGTTATACGAGAGGCCCAAGTTGATAGACACCGGCGTAAAGAGTGGTTAAGTTAAAACCTCACACTAAAGCCAAACATCTTCAAGACTGTTATACGCAACCGAAGACAGGAAGTTCAACCACGAAAGTGGCTTTATTTGATCTGAACCCACGAAAGCTACGGAA","AB969905.1, LC091902.1, LC091905.1, LC036758.1, LC036759.1, LC036760.1, LC036764.1, LC069519.1, LC492353.1, LC492352.1, LC492351.1, LC277980.1",170,"192378","Eukaryota","Chordata","Actinopteri","Perciformes","Hexagrammidae","Hexagrammos","Hexagrammos agrammus, Hexagrammos stelleri, Hexagrammos lagocephalus, Hexagrammos octogrammus",12
"24","GCCACCGCGGTTATACGAGAGGCCCAAGTTGATAGACACCGGCGTAAAGAGTGGTTAAGTTAAAACCTCGCACTAAAGCCAAACATCTTCAAGACTGTTATACGCAACCGAAGACAGGAAGTTCAACCACGAAAGTGGCTTTATTTGATCTGAACCCACGAAAGCTACGGAACA","AB109298.1",174,"192378","Eukaryota","Chordata","Actinopteri","Perciformes","Hexagrammidae","Hexagrammos","Hexagrammos stelleri",1
"25","GCCACCGCGGTTATACGAGAGGCCCAAGTTGACAAACAACGGCGTAAAGAGTGGTTAGGGGATTAAATAAACTAGAGCCGAACGCTTTCAAAGCTGTTATACGCACCCGAAAGTATGAAACCCAATTACGAAAGTAGCTCTACCTATCCTGAACCCACGAAAGCTAAGGAACA","AF488479.1",173,"195623","Eukaryota","Chordata","Actinopteri","Pleuronectiformes","Pleuronectidae","Lepidopsetta","Lepidopsetta bilineata",1
"26","CACCGCGGTTATACGAGAGGCCCAAGTTGACAAACAACGGCGTAAAGAGTGGTTAGGGGATTAAATAAACTAGAGCCGAACGCTTTCAAAGCTGTTATACGCACCCGAAAGTATGAAACCCAATTACGAAAGTAGCTCTACCTATCCTGAACCCACGAAAGCTAAGGAA","LC049658.1, LC049640.1, LC049639.1, LC092091.1",169,"195623","Eukaryota","Chordata","Actinopteri","Pleuronectiformes","Pleuronectidae","Lepidopsetta","Lepidopsetta bilineata, Lepidopsetta mochigarei, Lepidopsetta polyxystra",4
"27","CACCGCGGTTATACGAGAGGCCCAAGTTGACAAACAACGGCGTAAAGAGTGGTTAGGGGATTAAATAAACTAGAGCCGAACGCTTTCAAAGCTGTTATACGCACCCGAAAGTATGAAACCCAATTACGAAAGTAGCTCTACCCATCCTGAACCCACGAAAGCTAAGGAA","LC145942.1, LC145923.1",169,"195623","Eukaryota","Chordata","Actinopteri","Pleuronectiformes","Pleuronectidae","Lepidopsetta","Lepidopsetta bilineata, Lepidopsetta polyxystra",2
"28","CACCGCGGTTATACGAGAGGCCCAAGTTGACAAACACCGGCGTAAAGCGTGGTTAAGTTAATAAATCACACTAAAGCCAAACATCTTCAAGACTGTTATACGTAACCGAAGACAGGAAGTTCAACCACGAAAGTGGCTTTATCTGATCTGAACCCACGAAAGCTAAGGAA","LC091940.1, LC091939.1, LC091930.1",170,"214925","Eukaryota","Chordata","Actinopteri","Perciformes","Cottidae","Leptocottus","Leptocottus armatus",3
"29","GCCACCGCGGTTATACGAGAGGCCCAAGTTGACAAACACCGGCGTAAAGCGTGGTTAAGTTAAAAATCACACTAAAGCCAAACATCTTCAAGACTGTTATACGTAACCGAAGACAGGAAGTTCAACCACGAAAGTGGCTTTATCTGATCTGAACCCACGAAAGCTAAGGAACA","KM057968.1",173,"214925","Eukaryota","Chordata","Actinopteri","Perciformes","Cottidae","Leptocottus","Leptocottus armatus",1
"30","GCCACCGCGGTTATACGAGAGGCCCAAGTTGACGAACACCGGCGTAAAGCGTGGTTAAGTTAATAAATCACACTAAAGCCAAACATCTTCAAGACTGTTATACGTAACCGAAGACAGGAAGTTCAACCACGAAAGTGGCTTTATCTGATCTGAACCCACGAAAGCTAAGGAACA","AB188194.1",174,"214925","Eukaryota","Chordata","Actinopteri","Perciformes","Cottidae","Leptocottus","Leptocottus armatus",1
"31","CACCGCGGTTATACGAGAGGCCCAAGTTGACAAACAACGGCGTAAAGAGTGGTTAGGGGATTTACTAAACTAGAGCCGAACGCTTTCAAAGCTGTTATACGCACCCGAAAGTATGAAACCCAATTACGAAAGTAGCTCTACTTATCCTGAACCCACGAAAGCTAAGAAA","LC385312.1, LC049651.1, LC049650.1",169,"195624","Eukaryota","Chordata","Actinopteri","Pleuronectiformes","Pleuronectidae","Limanda","Limanda limanda, Limanda aspera",3
"32","GCCACCGCGGTTATACGAGAGGCCCAAGTTGACAAACAACGGCGTAAAGAGTGGTTAGGGGATTTACTAAACTAGAGCCGAACGCTTTCAAAGCTGTTATACGCACCCGAAAGTATGAAACCCAATTACGAAAGTAGCTCTACTTATCCTGAACCCACGAAAGCTAAGAAACA","MN122886.1, KP013094.1, MW818297.1, MW818253.1, MW818243.1, AF488491.1, NC_028281.1",173,"195624","Eukaryota","Chordata","Actinopteri","Pleuronectiformes","Pleuronectidae","Limanda","Limanda limanda, Limanda aspera",7
"33","CACCGCGGTTATACGAGAGGCCCAAGTTGACAGACTCCGGCGTAAAGAGTGGTTAAGTTAAAATTTATACTAAAGCCGAACATCCTCAAAGCTGTTATACGCACCCGAAGACAAGAAGTTCAACCACGAAGGTGGCTTTATTTAATCTGAACCCACGAAAGCTACGG","LC092002.1",167,"428036","Eukaryota","Chordata","Actinopteri","Perciformes","Stichaeidae","Lumpenus","Lumpenus sagitta",1
"34","GCCACCGCGGTTATACGAGAGGCCCAAGTTGACAGACTCCGGCGTAAAGAGTGGTTAAGTTAAAATTTATACTAAAGCCGAACATCCTCAAAGCTGTTATACGCACCCGAAGACAAGAAGTTCAACCACGAAGGTGGCTTTATTTAATCTGAACCCACGAAAGCTACGGCACA","OK172577.1",173,"428036","Eukaryota","Chordata","Actinopteri","Perciformes","Stichaeidae","Lumpenus","Lumpenus sagitta",1
"35","CACCGCGGTTATACGAGAGGCCCTAGTTGATAACTACCGGCGTAAAGAGTGGTTATGGAAAAATATTTAATAAAGCCGAACACCCCCTCAGCCGTCATACGCATCTGGGAGCACGAAGACCTACTGCGAAAGCAGCTTTAATTATGCCTGACCCCACGACAGCTAAGAAA","LC091621.1, LC091620.1, LC069500.1",170,"8017","Eukaryota","Chordata","Actinopteri","Salmoniformes","Salmonidae","Oncorhynchus","Oncorhynchus gorbuscha",3
"36","GCCACCGCGGTTATACGAGAGGCCCTAGTTGATAACTACCGGCGTAAAGAGTGGTTATGGAAAAATATTTAATAAAGCCGAACACCCCCTCAGCCGTCATACGCATCTGGGAGCACGAAGACCTACTGCGAAAGCAGCTTTAATTATGCCTGACCCCACGACAGCTAAGAAACA","EF455489.1, CM029873.1, NC_010959.1",174,"8017","Eukaryota","Chordata","Actinopteri","Salmoniformes","Salmonidae","Oncorhynchus","Oncorhynchus gorbuscha",3
"37","AGAGGCCCTAGTTGATAACTACCGGCGTAAAGAGTGGTTATGGAAAATATTTAATAAAGCCGAACACCCCCTCAGCCGTCATACGCACCTGGGAGCACGAAGACCTACCGCGAAAGCAGCTTTAATTATGCCTGACCCCACGACAGCTAAGAAACA","KM282439.1",156,"8018","Eukaryota","Chordata","Actinopteri","Salmoniformes","Salmonidae","Oncorhynchus","Oncorhynchus keta",1
"38","CACCGCGGTTATACGAGAGGCCCTAGTTGATAACTACCGGCGTAAAGAGTGGTTATGGAAAATATTTAATAAAGCCGAACACCCCCTCAGCCGTCATACGCACCTGGGAGCACGAAGACCTACCGCGAAAGCAGCTTTAATTATGCCTGACCCCACGACAGCTAAGAAA","LC069501.1",169,"8018","Eukaryota","Chordata","Actinopteri","Salmoniformes","Salmonidae","Oncorhynchus","Oncorhynchus keta",1
"39","GCCACCGCGGTTATACGAGAGGCCCTAGTTGATAACTACCGGCGTAAAGAGTGGTTATGGAAAATATTTAATAAAGCCGAACACCCCCTCAGCCGTCATACGCACCTGGGAGCACGAAGACCTACCGCGAAAGCAGCTTTAATTATGCCTGACCCCACGACAGCTAAGAAACA","OL339394.1, OL339393.1, NC_017838.1, AP010773.1",173,"8018","Eukaryota","Chordata","Actinopteri","Salmoniformes","Salmonidae","Oncorhynchus","Oncorhynchus keta",4
"40","GCCACCGCGGTTATACGAGAGGCCCTAGTTGATAACTACCGGCGTAAAGAGTGGTTATGGAAGATACTTGATAAAGCCGAACACTCCCTCAGCCGTCATACGCACCTGGAAGCACGAAGACCTACYGCGAAAGCAGCTTTAATTATGCCTGACCCCACGACAGCTAAGAAACA","AF113119.1",173,"8018","Eukaryota","Chordata","Actinopteri","Salmoniformes","Salmonidae","Oncorhynchus","Oncorhynchus keta",1
"41","AGAGGCCCTAGTTGATAACTACCGGCGTAAAGAGTGGTTATGGAAAGATATTTAATAAAGCCGAACACCCCCTCAGCCGTCATACGCACCTGGGAGCACGAAGACCTACCGCGAAAGCAGCTTTAATTACGCCTGACCCCACGACAGCTAAGAAACA","KM282440.1",157,"8019","Eukaryota","Chordata","Actinopteri","Salmoniformes","Salmonidae","Oncorhynchus","Oncorhynchus kisutch",1
"42","CACCGCGGTTATACGAGAGGCCCTAGTTGATAACTACCGGCGTAAAGAGTGGTTATGGAAAGATATTTAATAAAGCCGAACACCCCCTCAGCCGTCATACGCACCTGGGAGCACGAAGACCTACCGCGAAAGCAGCTTTAATTACGCCTGACCCCACGACAGCTAAGAAA","LC458077.1, LC091627.1, LC091626.1",170,"8019","Eukaryota","Chordata","Actinopteri","Salmoniformes","Salmonidae","Oncorhynchus","Oncorhynchus kisutch",3
"43","GCCACCGCGGTTATACGAGAGGCCCTAGTTGATAACTACCGGCGTAAAGAGTGGTTATGGAAAGATATTTAATAAAGCCGAACACCCCCTCAGCCGTCATACGCACCTGGGAGCACGAAGACCTACCGCGAAAGCAGCTTTAATTACGCCTGACCCCACGACAGCTAAGAAACA","MH003640.1, MF621751.1, MF621749.1, OL477728.1, OL457409.1, OL339395.1, NC_009263.1, EF126369.1, CM018699.1",174,"8019","Eukaryota","Chordata","Actinopteri","Salmoniformes","Salmonidae","Oncorhynchus","Oncorhynchus kisutch",9
"44","GCCACCGCGGTTATACGAGAGGCCCTAGTTGATAACTACCGGCGTAAAGAGTGGTTATGGAAGATACTTGATAAAGCCGAACACTCCCTCAGCCGTCATACGCACCTGGAAGCACGAAGACCTACTGCGAAAGCAGCTTTAATTATGCCTGACCCCACGACAGCTAAGAAACA","KY250421.1, KU523579.1, LC055411.1, LC381908.1, LC381905.1, LC381904.1, LC381903.1, LC381898.1, LC381897.1, LC381896.1, LC381892.1, LC381891.1, LC381890.1, LC381889.1, LC381888.1, LC381887.1, LC381886.1, LC381885.1, LC381884.1, LC381881.1, LC381880.1, LC381879.1, LC381878.1, LC381877.1, LC381876.1, LC381874.1, LC381873.1, LC381872.1, LC381871.1, LC381870.1, LC381869.1, LC381868.1, LC381867.1, LC381866.1, AB236731.1, DQ864465.1, DQ864464.1, DQ858456.1, AF113117.1, DQ642052.1, DQ533706.1, AF125512.1, AF125511.1, AF125510.1, AF113118.1, NC_008745.1, NC_008747.1, NC_008746.1",173,"8018","Eukaryota","Chordata","Actinopteri","Salmoniformes","Salmonidae","Oncorhynchus","Oncorhynchus masou, Oncorhynchus keta",48
"45","CACCGCGGTTATACGAGAGGCCCTAGTTGATAACTACCGGCGTAAAGAGTGGTTATGGAAAATATTTAATAAAGCCGAACACCCCCTCAGCCGTCATACGCACCTGGGAGCACGAAGACCTACTGCGAAAGCAGCTTTAATTATGCCTGACCCCACGACAGCTAAGAAA","LC340053.1",169,"8023","Eukaryota","Chordata","Actinopteri","Salmoniformes","Salmonidae","Oncorhynchus","Oncorhynchus nerka",1
"46","GCCACCGCGGTTATACGAGAGGCCCTAGTTGATAACTACCGGCGTAAAGAGTGGTTATGGAAAATATTTAATAAAGCCGAACACCCCCTCAGCCGTCATACGCACCTGGGAGCACGAAGACCTACTGCGAAAGCAGCTTTAATTATGCCTGACCCCACGACAGCTAAGAAACA","OL806600.1",173,"8023","Eukaryota","Chordata","Actinopteri","Salmoniformes","Salmonidae","Oncorhynchus","Oncorhynchus nerka",1
"47","GCCACCGCGGTTATACGAGAGGCCCTAGTTGATAACTACCGGCGTAAAGAGTGGTTATGGAAAAATATTTAATAAAGCCGAACACCCCCTCAGCCGTCATACGCACCTGGGAGCACGAAGACCTACTGCGAAAGCAGCTTTAATTATGCCTGACCCCACGACAGCTAAGAAACA","MG993162.1, MH003641.1, MH003639.1, OL806599.1, LC717968.1, LC717967.1, NC_008615.1, EF055889.1",174,"8023","Eukaryota","Chordata","Actinopteri","Salmoniformes","Salmonidae","Oncorhynchus","Oncorhynchus nerka, Oncorhynchus kawamurae",8
"48","CACCGCGGTTATACGAGAGACCCTAGTTGATAACTACCGGCGTAAAGAGTGGTTATGGAAAATATTTAATAAAGCCGAACACCCCCTCAGCCGTCATACGCACCTGGGAGCACGAAGACCTACTGCGAAAGCAGCTTTAATTATGCCTGACCCCACGACAGCTAAGAAA","LC091630.1, LC091629.1",169,"8023","Eukaryota","Chordata","Actinopteri","Salmoniformes","Salmonidae","Oncorhynchus","Oncorhynchus nerka, Oncorhynchus keta",2
"49","CACCGCGGTTATACGAGAGACCCTAGTTGATAACTACCGGCGTAAAGAGTGGTTATGGAAAATATTTAATAAAGCCGAACACCCCCTCAGCCGTCATACGCACCTGGGAGCACGAAGACCTACTGCGAAAGCAGCTTTAATTATGCCTGACCCCACGACAGCTAAGAAA","LC091630.1, LC091629.1",169,"8018","Eukaryota","Chordata","Actinopteri","Salmoniformes","Salmonidae","Oncorhynchus","Oncorhynchus nerka, Oncorhynchus keta",2
"50","AGAGGCCCTAGTTGATAACTACCGGCGTAAAGAGTGGTTATGGAAAAATATTTAATAAAGCCGAACACCCCCTCAGCCGTCATACGCACCTGGGGGCACGAAGACCTACTGCGAAAGCAGCTTTAATTACACCTGACCCCACGACAGCTAAGAAACA","KM282442.1",157,"74940","Eukaryota","Chordata","Actinopteri","Salmoniformes","Salmonidae","Oncorhynchus","Oncorhynchus tshawytscha",1
"51","CACCGCGGTTATACGAGAGGCCCTAGTTGATAACTACCGGCGTAAAGAGTGGTTATGGAAAAATATTTAATAAAGCCGAACACCCCCTCAGCCGTCATACGCACCTGGGGGCACGAAGACCTACTGCGAAAGCAGCTTTAATTACACCTGACCCCACGACAGCTAAGAAA","LC091628.1",170,"74940","Eukaryota","Chordata","Actinopteri","Salmoniformes","Salmonidae","Oncorhynchus","Oncorhynchus tshawytscha",1
"52","GCCACCGCGGTTATACGAGAGGCCCTAGTTGATAACTACCGGCGTAAAGAGTGGTTACGGAAAAATATTTAATAAAGCCGAACACCCCCTCAGCCGTCATACGCACCTGGGGGCACGAAGACCTACTGCGAAAGCAGCTTTAATTACACCTGACCCCACGACAGCTAAGAAACA","OL457394.1",174,"74940","Eukaryota","Chordata","Actinopteri","Salmoniformes","Salmonidae","Oncorhynchus","Oncorhynchus tshawytscha",1
"53","GCCACCGCGGTTATACGAGAGGCCCTAGTTGATAACTACCGGCGTAAAGAGTGGTTATGGAAAAATATTTAATAAAGCCGAACACCCCCTCAGCCGTCATACGCACCTGGGGGCACGAAGACCTACTGCGAAAGCAGCTTTAATTACACCTGACCCCACGACAGCTAAGAAACA","ON005616.1, OL693876.1, OL404930.1, LC717563.1, HQ167665.1, NC_002980.1, AF392054.1",174,"74940","Eukaryota","Chordata","Actinopteri","Salmoniformes","Salmonidae","Oncorhynchus","Oncorhynchus tshawytscha",7
"54","CACCGCGGTTATACGAGAGGCCCAAGTAGATAGACACCGGCGTAAAGAGTGGTTAAGTTAAAACTCACACTAAAGCCAAACATCTTCAAGACTGTTATACGTAACCGAAGACCGGAAGTTCAACCACGAAAGTGGCTTTATTTGATCTGAACCCACGAAAGCTACGGCA","LC091904.1, LC091903.1",169,"225387","Eukaryota","Chordata","Actinopteri","Perciformes","Hexagrammidae","Ophiodon","Ophiodon elongatus",2
"55","GCCACCGCGGTTATACGAGAGGCCCAAGTAGATAGACACCGGCGTAAAGAGTGGTTAAGTTAAAACTCACACTAAAGCCAAACATCTTCAAGACTGTTATACGTAACCGAAGACCGGAAGTTCAACCACGAAAGTGGCTTTATTTGATCTGAACCCACGAAAGCTACGGCACA","KP682333.1, KM057976.1, NC_026887.1",173,"225387","Eukaryota","Chordata","Actinopteri","Perciformes","Hexagrammidae","Ophiodon","Ophiodon elongatus",3
"56","CACCGCGGTTATACGAGAGGCCCAAGTTGAAAGACATCGGCGTAAAGAGTGGTTAAGTTAAAATTGTACTAAAGCCGAACATCCTCCAGGCTGTTATACGCATCCGAAGATAAGAAGTTCAACCACGAAGGTAGCTTTATTTAGTCTGAACCCACGAAAGCTACGG","LC092021.1, LC092020.1",166,"283367","Eukaryota","Chordata","Actinopteri","Perciformes","Pholidae","Pholis","Pholis laeta",2
"57","GCCACCGCGGCTATACGAGAGACCCAAGTTGATACCATTCGGCGTAAAGAGTGGTTATGGAAAATAAAGACTAAAGCCGCACACCTTCAAAGCTGTTATACGCATCCGAAGGCTAGAAGATCAACCACGAAGGTAGCTTTACAACCCCTGACCCCACGAAAGCTCTGGCACA","NC_039779.1, NC_039779.1, MH378780.1, NC_056778.1, MH378777.1, NC_039777.1, KJ834061.1, KJ834064.1, KJ834060.1, KJ525745.1, KJ525744.1, LC731313.1, KJ834063.1, LC728297.1, NC_060710.1, KF836442.1, LC049853.2, KF725093.1, LC640020.1, LC630824.1, MW630168.1, LC605003.1, NC_053985.1, EU008930.1, OK048741.1, NC_027447.1, NC_026100.1, NC_027445.1, NC_027439.1, NC_027440.1, NC_026191.1, NC_023456.1, MN218776.1, MH378776.1, MH378780.1, MH378781.1",172,"72085","Eukaryota","Chordata","Actinopteri","Perciformes","Sebastidae","Sebastes","Sebastes aleutianus, Sebastes melanostictus, Sebastes rubrivinctus, Sebastes longispinis, Sebastes thompsoni, Sebastes steindachneri, Sebastes hubbsi, Sebastes taczanowskii, Sebastes cheni, Sebastes owstoni, Sebastes ventricosus, Sebastes melanops, Sebastes pachycephalus, Sebastes schlegelii, Sebastes inermis, Sebastes elongatus, Sebastes oculatus, Sebastes ruberrimus",36
"58","CACCGCGGCTATACGAGAGACCCAAGTTGATACCATTCGGCGTAAAGAGTGGTTATGGAAAATAAAGACTAAAGCCGCACACCTTCAAAGCTGTTATACGCATCCGAAGGTTAGAAGACCAACCACGAAGGTAGCTTTACAACCCCTGACCCCACGAAAGCTCTGGCA","LC104501.1, LC104494.1, LC104493.1",168,"72057","Eukaryota","Chordata","Actinopteri","Perciformes","Sebastidae","Sebastes","Sebastes auriculatus",3
"59","CACCGCGGCTATACGAGAGACCCAAGTTGATACCATTCGGCGTAAAGAGTGGTTATGGAAAATAAAGACTAAAGCCGCACACCTTCAAAGCTGTTATACGCATCCGAAGGTTAGAAGACCAACCACGAAGGTAGCTTTACAACCCCTGACCCCACGAAAGCTCTGGCACA","MK803061.1, MK803060.1",170,"72057","Eukaryota","Chordata","Actinopteri","Perciformes","Sebastidae","Sebastes","Sebastes auriculatus",2
"60","CACCGCGGCTATACGAGAGACCCAAGTTGATACCATTCGGCGTAAAGAGTGGTTATGGAAAATAAATACTAAAGCCGCACACCTTCAAAGCTGTTATACGCATCCGAAGGTTAGAAGACCAACCACGAAGGTAGCTTTACAACCCCTGACCCCACGAAAGCTCTGGCA","LC104532.1, LC104515.1, LC104514.1, LC104505.1, LC104464.1",168,"72063","Eukaryota","Chordata","Actinopteri","Perciformes","Sebastidae","Sebastes","Sebastes caurinus, Sebastes maliger",5
"61","GCCACCGCGGCTATACGAGAGACCCAAGTTGATACCATTCGGCGTAAAGAGTGGTTATGGAAAATAAATACTAAAGCCGCACACCTTCAAAGCTGTTATACGCATCCGAAGGTTAGAAGACCAACCACGAAGGTAGCTTTACAACCCCTGACCCCACGAAAGCTCTGGCACA","NC_066933.1, OL806594.1, NC_056782.1, MW846222.1",172,"72063","Eukaryota","Chordata","Actinopteri","Perciformes","Sebastidae","Sebastes","Sebastes caurinus, Sebastes maliger",4
"62","CACCGCGGCTATACGAGAGACCCAAGTTGATACCATTCGGCGTAAAGAGTGGTTATGGAAAATAAAGACTAAAGCCGCACACCTTCAAAGCTGTTATACGCATCCGAAGGCTAGAAGATCAACCACGAAGGTAGCTTTACAACCCCTGACCCCACGAAAGCTCTGGCA","AB969888.1, AB969889.1, AB969891.1, LC091887.1, LC104462.1, LC104468.1, LC104469.1, LC104470.1, LC104471.1, LC104472.1, LC104473.1, LC104490.1, LC104495.1, LC104496.1, LC104497.1, LC104499.1, LC104500.1, LC104502.1, LC104503.1, LC104504.1, LC104508.1, LC104509.1, LC104510.1, LC104511.1, LC104513.1, LC104516.1, LC104520.1, LC104521.1, LC104522.1, LC104523.1, LC104524.1, LC104525.1, LC104526.1, LC104527.1, LC104528.1, LC104529.1, LC104531.1, LC020792.1, LC026612.1, LC026615.1, LC026680.1, LC026687.1, LC026688.1, LC026690.1, LC026728.1, LC049852.1, LC327073.1, LC327098.1, LC552555.1, LC519384.1, LC519381.1, LC519380.1, LC519379.1, LC506683.1, LC492348.1, LC492344.1, LC468907.1, LC421671.1, LC458092.1, LC340095.1, LC278191.1, LC277726.1, LC729865.1, LC729864.1, LC579207.1, LC579004.1, LC579003.1",168,"72085","Eukaryota","Chordata","Actinopteri","Perciformes","Sebastidae","Sebastes","Sebastes schlegelii, Sebastes thompsoni, Sebastes ventricosus, Sebastes cheni, Sebastes miniatus, Sebastes zacentrus, Sebastes proriger, Sebastes brevispinis, Sebastes melanops, Sebastes helvomaculatus, Sebastes flavidus, Sebastes alutus, Sebastes aleutianus, Sebastes babcocki, Sebastes elongatus, Sebastes emphaeus, Sebastes pinniger, Sebastes rosaceus, Sebastes ruberrimus, Sebastes inermis, Sebastes nudus, Sebastes steindachneri, Sebastes taczanowskii, Sebastes pachycephalus, Sebastes joyneri, Sebastes baramenuke, Sebastes hubbsi, Sebastes wakiyai",67
"63","CACCGCGGTTATACGAGAGGCCCAAGCTGACAGAAAACGGCGTAAAGAGTGGTTAAGTAGTCCTAACACTAAAGCTAAACATTTTCCTAGCTGTTATACGCATTTGAAAATATGAGAATCTTCCACGAAAGTGGCTTTACTCTTCTGACTCCACGAAAGTTATGAAA","LC091883.1",167,"161587","Eukaryota","Chordata","Actinopteri","Syngnathiformes","Syngnathidae","Syngnathus","Syngnathus leptorhynchus",1
"64","GCCACCGCGGTTATACGAGAGGCCCAAGCTGATAGAAAACGGCGTAAAGAGTGGTTAAGTAGTCCTAACACTAAAGCTAAACATTTTCCTAGCTGTTATACGCATTTGAAAATATGAGAATCTTCCACGAAAGTGGCTTTACTCTTCTGACTCCACGAAAGTTATGAAACA","LC091882.2",171,"161587","Eukaryota","Chordata","Actinopteri","Syngnathiformes","Syngnathidae","Syngnathus","Syngnathus leptorhynchus",1
"65","GCCACCGCGGTTATACGAGAGGCCCAAGCTGACAGAAAACGGCGTAAAGAGTGGTTAAGTAGTCCTAACACTAAAGCTAAACATTTTCCTAGCTGTTATACGCATTTGAAAATATGAGAATCTTCCACGAAAGTGGCTTTACTCTTCTGACTCCACGAAAGTTATGAAACA","NC_063777.1, NC_063775.1, NC_063774.1, OL334980.1, OL334978.1, OL304272.1",171,"161587","Eukaryota","Chordata","Actinopteri","Syngnathiformes","Syngnathidae","Syngnathus","Syngnathus leptorhynchus, Syngnathus euchrous, Syngnathus californiensis",6
