"qseqid","species","genus","family","order","class","phylum","kingdom","seq_percID","top_perc","diff","taxonomic_level","taxon"
"ASV_0001","Cymatogaster aggregata","Cymatogaster","Embiotocidae","","Actinopteri","Chordata","Eukaryota",NA,NA,NA,"species","Cymatogaster aggregata"
"ASV_0002","Clupea pallasii","Clupea","Clupeidae","Clupeiformes","Actinopteri","Chordata","Eukaryota",100,100,0,"species","Clupea pallasii"
"ASV_0003","Gasterosteus aculeatus","Gasterosteus","Gasterosteidae","Perciformes","Actinopteri","Chordata","Eukaryota",100,100,0,"species","Gasterosteus aculeatus"
"ASV_0005","Ammodytes personatus","Ammodytes","Ammodytidae","Uranoscopiformes","Actinopteri","Chordata","Eukaryota",100,100,0,"species","Ammodytes personatus"
"ASV_0006","Pholis laeta","Pholis","Pholidae","Perciformes","Actinopteri","Chordata","Eukaryota",100,100,0,"species","Pholis laeta"
"ASV_0010","Citharichthys stigmaeus","Citharichthys","Cyclopsettidae","Pleuronectiformes","Actinopteri","Chordata","Eukaryota",100,100,0,"species","Citharichthys stigmaeus"
"ASV_0014","Leptocottus armatus","Leptocottus","Cottidae","Perciformes","Actinopteri","Chordata","Eukaryota",100,100,0,"species","Leptocottus armatus"
"ASV_0015","Syngnathus leptorhynchus","Syngnathus","Syngnathidae","Syngnathiformes","Actinopteri","Chordata","Eukaryota",100,100,0,"species","Syngnathus leptorhynchus"
"ASV_0017","Enophrys bison","Enophrys","Cottidae","Perciformes","Actinopteri","Chordata","Eukaryota",100,100,0,"species","Enophrys bison"
"ASV_0018","Artedius fenestralis","Artedius","Cottidae","Perciformes","Actinopteri","Chordata","Eukaryota",100,100,0,"species","Artedius fenestralis"
"ASV_0019","Citharichthys stigmaeus","Citharichthys","Cyclopsettidae","Pleuronectiformes","Actinopteri","Chordata","Eukaryota",100,100,0,"species","Citharichthys stigmaeus"
"ASV_0022","Artedius lateralis","Artedius","Cottidae","Perciformes","Actinopteri","Chordata","Eukaryota",100,100,0,"species","Artedius lateralis"
"ASV_0024","Clupea pallasii","Clupea","Clupeidae","Clupeiformes","Actinopteri","Chordata","Eukaryota",99.419,99.419,0,"species","Clupea pallasii"
"ASV_0027","Clinocottus acuticeps","Clinocottus","Cottidae","Perciformes","Actinopteri","Chordata","Eukaryota",NA,NA,NA,"species","Clinocottus acuticeps"
"ASV_0032","Cymatogaster aggregata","Cymatogaster","Embiotocidae","","Actinopteri","Chordata","Eukaryota",NA,NA,NA,"species","Cymatogaster aggregata"
"ASV_0033","Clupea pallasii","Clupea","Clupeidae","Clupeiformes","Actinopteri","Chordata","Eukaryota",100,100,0,"species","Clupea pallasii"
"ASV_0034","Clupea pallasii","Clupea","Clupeidae","Clupeiformes","Actinopteri","Chordata","Eukaryota",99.419,99.419,0,"species","Clupea pallasii"
"ASV_0035","Gasterosteus aculeatus","Gasterosteus","Gasterosteidae","Perciformes","Actinopteri","Chordata","Eukaryota",99.408,99.408,0,"species","Gasterosteus aculeatus"
"ASV_0036","Pleuronichthys coenosus","Pleuronichthys","Pleuronectidae","Pleuronectiformes","Actinopteri","Chordata","Eukaryota",100,100,0,"species","Pleuronichthys coenosus"
"ASV_0040","Aulorhynchus flavidus","Aulorhynchus","Aulorhynchidae","Perciformes","Actinopteri","Chordata","Eukaryota",100,100,0,"species","Aulorhynchus flavidus"
"ASV_0041","Rhinogobiops nicholsii","Rhinogobiops","Gobiidae","Gobiiformes","Actinopteri","Chordata","Eukaryota",NA,NA,NA,"species","Rhinogobiops nicholsii"
"ASV_0042","Gasterosteus aculeatus","Gasterosteus","Gasterosteidae","Perciformes","Actinopteri","Chordata","Eukaryota",99.408,99.408,0,"species","Gasterosteus aculeatus"
"ASV_0043","Liparis greeni","Liparis","Liparidae","Perciformes","Actinopteri","Chordata","Eukaryota",NA,NA,NA,"species","Liparis greeni"
"ASV_0047","Artedius lateralis","Artedius","Cottidae","Perciformes","Actinopteri","Chordata","Eukaryota",99.415,99.415,0,"species","Artedius lateralis"
"ASV_0048","Gasterosteus aculeatus","Gasterosteus","Gasterosteidae","Perciformes","Actinopteri","Chordata","Eukaryota",99.408,99.408,0,"species","Gasterosteus aculeatus"
"ASV_0056","Citharichthys sordidus","Citharichthys","Cyclopsettidae","Pleuronectiformes","Actinopteri","Chordata","Eukaryota",100,100,0,"species","Citharichthys sordidus"
"ASV_0058","Hexagrammos decagrammus","Hexagrammos","Hexagrammidae","Perciformes","Actinopteri","Chordata","Eukaryota",NA,NA,NA,"species","Hexagrammos decagrammus"
"ASV_0063","Gasterosteus aculeatus","Gasterosteus","Gasterosteidae","Perciformes","Actinopteri","Chordata","Eukaryota",100,100,0,"species","Gasterosteus aculeatus"
"ASV_0066","Hemilepidotus hemilepidotus","Hemilepidotus","Cottidae","Perciformes","Actinopteri","Chordata","Eukaryota",100,100,0,"species","Hemilepidotus hemilepidotus"
"ASV_0068","Artedius harringtoni","Artedius","Cottidae","Perciformes","Actinopteri","Chordata","Eukaryota",NA,NA,NA,"species","Artedius harringtoni"
"ASV_0071","Clupea pallasii","Clupea","Clupeidae","Clupeiformes","Actinopteri","Chordata","Eukaryota",99.419,99.419,0,"species","Clupea pallasii"
"ASV_0072","Apodichthys flavidus","Apodichthys","Pholidae","Perciformes","Actinopteri","Chordata","Eukaryota",100,100,0,"species","Apodichthys flavidus"
"ASV_0073","Cymatogaster aggregata","Cymatogaster","Embiotocidae","","Actinopteri","Chordata","Eukaryota",NA,NA,NA,"species","Cymatogaster aggregata"
"ASV_0075","Pholis laeta","Pholis","Pholidae","Perciformes","Actinopteri","Chordata","Eukaryota",99.405,99.405,0,"species","Pholis laeta"
"ASV_0076","Gobiesox maeandricus","Gobiesox","Gobiesocidae","Blenniiformes","Actinopteri","Chordata","Eukaryota",NA,NA,NA,"species","Gobiesox maeandricus"
"ASV_0077","Clupea pallasii","Clupea","Clupeidae","Clupeiformes","Actinopteri","Chordata","Eukaryota",99.419,99.419,0,"species","Clupea pallasii"
"ASV_0081","Cymatogaster aggregata","Cymatogaster","Embiotocidae","","Actinopteri","Chordata","Eukaryota",NA,NA,NA,"species","Cymatogaster aggregata"
"ASV_0085","Citharichthys stigmaeus","Citharichthys","Cyclopsettidae","Pleuronectiformes","Actinopteri","Chordata","Eukaryota",99.408,99.408,0,"species","Citharichthys stigmaeus"
"ASV_0086","Brachyistius frenatus","Brachyistius","Embiotocidae","","Actinopteri","Chordata","Eukaryota",NA,NA,NA,"species","Brachyistius frenatus"
"ASV_0087","Blepsias cirrhosus","Blepsias","Agonidae","Perciformes","Actinopteri","Chordata","Eukaryota",100,100,0,"species","Blepsias cirrhosus"
"ASV_0088","Clupea pallasii","Clupea","Clupeidae","Clupeiformes","Actinopteri","Chordata","Eukaryota",99.419,99.419,0,"species","Clupea pallasii"
"ASV_0090","Ophiodon elongatus","Ophiodon","Hexagrammidae","Perciformes","Actinopteri","Chordata","Eukaryota",NA,NA,NA,"species","Ophiodon elongatus"
"ASV_0094","Liparis greeni","Liparis","Liparidae","Perciformes","Actinopteri","Chordata","Eukaryota",NA,NA,NA,"species","Liparis greeni"
"ASV_0095","Clupea pallasii","Clupea","Clupeidae","Clupeiformes","Actinopteri","Chordata","Eukaryota",100,100,0,"species","Clupea pallasii"
"ASV_0096","Pholis laeta","Pholis","Pholidae","Perciformes","Actinopteri","Chordata","Eukaryota",99.405,99.405,0,"species","Pholis laeta"
"ASV_0098","Chitonotus pugetensis","Chitonotus","Cottidae","Perciformes","Actinopteri","Chordata","Eukaryota",100,100,0,"species","Chitonotus pugetensis"
"ASV_0099","Gasterosteus aculeatus","Gasterosteus","Gasterosteidae","Perciformes","Actinopteri","Chordata","Eukaryota",100,100,0,"species","Gasterosteus aculeatus"
"ASV_0103","Artedius fenestralis","Artedius","Cottidae","Perciformes","Actinopteri","Chordata","Eukaryota",NA,NA,NA,"species","Artedius fenestralis"
"ASV_0104","Gasterosteus aculeatus","Gasterosteus","Gasterosteidae","Perciformes","Actinopteri","Chordata","Eukaryota",98.817,98.817,0,"species","Gasterosteus aculeatus"
"ASV_0105","Citharichthys stigmaeus","Citharichthys","Cyclopsettidae","Pleuronectiformes","Actinopteri","Chordata","Eukaryota",99.408,99.408,0,"species","Citharichthys stigmaeus"
"ASV_0106","Cymatogaster aggregata","Cymatogaster","Embiotocidae","","Actinopteri","Chordata","Eukaryota",NA,NA,NA,"species","Cymatogaster aggregata"
"ASV_0107","Lepidogobius lepidus","Lepidogobius","Gobiidae","Gobiiformes","Actinopteri","Chordata","Eukaryota",NA,NA,NA,"species","Lepidogobius lepidus"
"ASV_0109","Synchirus gilli","Synchirus","Cottidae","Perciformes","Actinopteri","Chordata","Eukaryota",NA,NA,NA,"species","Synchirus gilli"
"ASV_0110","Clupea pallasii","Clupea","Clupeidae","Clupeiformes","Actinopteri","Chordata","Eukaryota",99.419,99.419,0,"species","Clupea pallasii"
"ASV_0112","Ammodytes personatus","Ammodytes","Ammodytidae","Uranoscopiformes","Actinopteri","Chordata","Eukaryota",99.408,99.408,0,"species","Ammodytes personatus"
"ASV_0113","Clupea pallasii","Clupea","Clupeidae","Clupeiformes","Actinopteri","Chordata","Eukaryota",99.419,99.419,0,"species","Clupea pallasii"
"ASV_0116","Clupea pallasii","Clupea","Clupeidae","Clupeiformes","Actinopteri","Chordata","Eukaryota",99.419,99.419,0,"species","Clupea pallasii"
"ASV_0122","Cymatogaster aggregata","Cymatogaster","Embiotocidae","","Actinopteri","Chordata","Eukaryota",NA,NA,NA,"species","Cymatogaster aggregata"
"ASV_0123","Artedius lateralis","Artedius","Cottidae","Perciformes","Actinopteri","Chordata","Eukaryota",99.415,99.415,0,"species","Artedius lateralis"
"ASV_0125","Stichaeus punctatus","Stichaeus","Stichaeidae","Perciformes","Actinopteri","Chordata","Eukaryota",100,100,0,"species","Stichaeus punctatus"
"ASV_0126","Gasterosteus aculeatus","Gasterosteus","Gasterosteidae","Perciformes","Actinopteri","Chordata","Eukaryota",99.408,99.408,0,"species","Gasterosteus aculeatus"
"ASV_0130","Ammodytes personatus","Ammodytes","Ammodytidae","Uranoscopiformes","Actinopteri","Chordata","Eukaryota",99.408,99.408,0,"species","Ammodytes personatus"
"ASV_0131","Clupea pallasii","Clupea","Clupeidae","Clupeiformes","Actinopteri","Chordata","Eukaryota",98.837,98.837,0,"species","Clupea pallasii"
"ASV_0132","Clinocottus acuticeps","Clinocottus","Cottidae","Perciformes","Actinopteri","Chordata","Eukaryota",NA,NA,NA,"species","Clinocottus acuticeps"
"ASV_0133","Syngnathus leptorhynchus","Syngnathus","Syngnathidae","Syngnathiformes","Actinopteri","Chordata","Eukaryota",99.401,99.401,0,"species","Syngnathus leptorhynchus"
"ASV_0137","Pholis laeta","Pholis","Pholidae","Perciformes","Actinopteri","Chordata","Eukaryota",99.405,99.405,0,"species","Pholis laeta"
"ASV_0140","Ammodytes personatus","Ammodytes","Ammodytidae","Uranoscopiformes","Actinopteri","Chordata","Eukaryota",99.408,99.408,0,"species","Ammodytes personatus"
"ASV_0141","Gasterosteus aculeatus","Gasterosteus","Gasterosteidae","Perciformes","Actinopteri","Chordata","Eukaryota",99.408,99.408,0,"species","Gasterosteus aculeatus"
"ASV_0142","Clupea pallasii","Clupea","Clupeidae","Clupeiformes","Actinopteri","Chordata","Eukaryota",99.419,99.419,0,"species","Clupea pallasii"
"ASV_0143","Artedius lateralis","Artedius","Cottidae","Perciformes","Actinopteri","Chordata","Eukaryota",98.83,98.83,0,"species","Artedius lateralis"
"ASV_0144","Phytichthys chirus","Phytichthys","Stichaeidae","Perciformes","Actinopteri","Chordata","Eukaryota",100,100,0,"species","Phytichthys chirus"
"ASV_0147","Gasterosteus aculeatus","Gasterosteus","Gasterosteidae","Perciformes","Actinopteri","Chordata","Eukaryota",99.408,99.408,0,"species","Gasterosteus aculeatus"
"ASV_0148","Clupea pallasii","Clupea","Clupeidae","Clupeiformes","Actinopteri","Chordata","Eukaryota",99.419,99.419,0,"species","Clupea pallasii"
"ASV_0149","Hemilepidotus hemilepidotus","Hemilepidotus","Cottidae","Perciformes","Actinopteri","Chordata","Eukaryota",99.408,99.408,0,"species","Hemilepidotus hemilepidotus"
"ASV_0153","Nautichthys oculofasciatus","Nautichthys","Agonidae","Perciformes","Actinopteri","Chordata","Eukaryota",NA,NA,NA,"species","Nautichthys oculofasciatus"
"ASV_0156","Pholis laeta","Pholis","Pholidae","Perciformes","Actinopteri","Chordata","Eukaryota",99.405,99.405,0,"species","Pholis laeta"
"ASV_0157","Clupea pallasii","Clupea","Clupeidae","Clupeiformes","Actinopteri","Chordata","Eukaryota",99.419,99.419,0,"species","Clupea pallasii"
"ASV_0158","Citharichthys stigmaeus","Citharichthys","Cyclopsettidae","Pleuronectiformes","Actinopteri","Chordata","Eukaryota",99.408,99.408,0,"species","Citharichthys stigmaeus"
"ASV_0161","Artedius fenestralis","Artedius","Cottidae","Perciformes","Actinopteri","Chordata","Eukaryota",NA,NA,NA,"species","Artedius fenestralis"
"ASV_0162","Artedius lateralis","Artedius","Cottidae","Perciformes","Actinopteri","Chordata","Eukaryota",99.415,99.415,0,"species","Artedius lateralis"
"ASV_0163","Hemilepidotus hemilepidotus","Hemilepidotus","Cottidae","Perciformes","Actinopteri","Chordata","Eukaryota",99.408,99.408,0,"species","Hemilepidotus hemilepidotus"
"ASV_0166","Ronquilus jordani","Ronquilus","Bathymasteridae","Perciformes","Actinopteri","Chordata","Eukaryota",100,100,0,"species","Ronquilus jordani"
"ASV_0167","Gasterosteus aculeatus","Gasterosteus","Gasterosteidae","Perciformes","Actinopteri","Chordata","Eukaryota",99.408,99.408,0,"species","Gasterosteus aculeatus"
"ASV_0169","Gasterosteus aculeatus","Gasterosteus","Gasterosteidae","Perciformes","Actinopteri","Chordata","Eukaryota",99.408,99.408,0,"species","Gasterosteus aculeatus"
"ASV_0173","Clupea pallasii","Clupea","Clupeidae","Clupeiformes","Actinopteri","Chordata","Eukaryota",99.419,99.419,0,"species","Clupea pallasii"
"ASV_0174","Clupea pallasii","Clupea","Clupeidae","Clupeiformes","Actinopteri","Chordata","Eukaryota",99.419,99.419,0,"species","Clupea pallasii"
"ASV_0175","Clupea pallasii","Clupea","Clupeidae","Clupeiformes","Actinopteri","Chordata","Eukaryota",99.419,99.419,0,"species","Clupea pallasii"
"ASV_0177","Gasterosteus aculeatus","Gasterosteus","Gasterosteidae","Perciformes","Actinopteri","Chordata","Eukaryota",99.408,99.408,0,"species","Gasterosteus aculeatus"
"ASV_0179","Hypomesus pretiosus","Hypomesus","Osmeridae","Osmeriformes","Actinopteri","Chordata","Eukaryota",100,100,0,"species","Hypomesus pretiosus"
"ASV_0180","Liparis mucosus","Liparis","Liparidae","Perciformes","Actinopteri","Chordata","Eukaryota",100,100,0,"species","Liparis mucosus"
"ASV_0181","Clupea pallasii","Clupea","Clupeidae","Clupeiformes","Actinopteri","Chordata","Eukaryota",99.419,99.419,0,"species","Clupea pallasii"
"ASV_0182","Gasterosteus aculeatus","Gasterosteus","Gasterosteidae","Perciformes","Actinopteri","Chordata","Eukaryota",99.408,99.408,0,"species","Gasterosteus aculeatus"
"ASV_0185","Ammodytes personatus","Ammodytes","Ammodytidae","Uranoscopiformes","Actinopteri","Chordata","Eukaryota",99.408,99.408,0,"species","Ammodytes personatus"
"ASV_0186","Pholis laeta","Pholis","Pholidae","Perciformes","Actinopteri","Chordata","Eukaryota",99.405,99.405,0,"species","Pholis laeta"
"ASV_0188","Gasterosteus aculeatus","Gasterosteus","Gasterosteidae","Perciformes","Actinopteri","Chordata","Eukaryota",99.408,99.408,0,"species","Gasterosteus aculeatus"
"ASV_0189","Scorpaenichthys marmoratus","Scorpaenichthys","Cottidae","Perciformes","Actinopteri","Chordata","Eukaryota",NA,NA,NA,"species","Scorpaenichthys marmoratus"
"ASV_0190","Gasterosteus aculeatus","Gasterosteus","Gasterosteidae","Perciformes","Actinopteri","Chordata","Eukaryota",99.408,99.408,0,"species","Gasterosteus aculeatus"
"ASV_0191","Liparis greeni","Liparis","Liparidae","Perciformes","Actinopteri","Chordata","Eukaryota",NA,NA,NA,"species","Liparis greeni"
"ASV_0193","Pholis laeta","Pholis","Pholidae","Perciformes","Actinopteri","Chordata","Eukaryota",99.405,99.405,0,"species","Pholis laeta"
"ASV_0195","Aulorhynchus flavidus","Aulorhynchus","Aulorhynchidae","Perciformes","Actinopteri","Chordata","Eukaryota",99.408,99.408,0,"species","Aulorhynchus flavidus"
"ASV_0196","Artedius fenestralis","Artedius","Cottidae","Perciformes","Actinopteri","Chordata","Eukaryota",NA,NA,NA,"species","Artedius fenestralis"
"ASV_0198","Ammodytes personatus","Ammodytes","Ammodytidae","Uranoscopiformes","Actinopteri","Chordata","Eukaryota",99.408,99.408,0,"species","Ammodytes personatus"
"ASV_0199","Clupea pallasii","Clupea","Clupeidae","Clupeiformes","Actinopteri","Chordata","Eukaryota",99.419,99.419,0,"species","Clupea pallasii"
"ASV_0200","Citharichthys sordidus","Citharichthys","Cyclopsettidae","Pleuronectiformes","Actinopteri","Chordata","Eukaryota",98.81,98.81,0,"species","Citharichthys sordidus"
"ASV_0202","Artedius lateralis","Artedius","Cottidae","Perciformes","Actinopteri","Chordata","Eukaryota",99.415,99.415,0,"species","Artedius lateralis"
"ASV_0204","Citharichthys stigmaeus","Citharichthys","Cyclopsettidae","Pleuronectiformes","Actinopteri","Chordata","Eukaryota",99.408,99.408,0,"species","Citharichthys stigmaeus"
"ASV_0206","Pholis laeta","Pholis","Pholidae","Perciformes","Actinopteri","Chordata","Eukaryota",99.405,99.405,0,"species","Pholis laeta"
"ASV_0208","Ammodytes personatus","Ammodytes","Ammodytidae","Uranoscopiformes","Actinopteri","Chordata","Eukaryota",99.408,99.408,0,"species","Ammodytes personatus"
"ASV_0209","Pholis laeta","Pholis","Pholidae","Perciformes","Actinopteri","Chordata","Eukaryota",99.405,99.405,0,"species","Pholis laeta"
"ASV_0210","Clupea pallasii","Clupea","Clupeidae","Clupeiformes","Actinopteri","Chordata","Eukaryota",99.419,99.419,0,"species","Clupea pallasii"
"ASV_0212","Clupea pallasii","Clupea","Clupeidae","Clupeiformes","Actinopteri","Chordata","Eukaryota",99.419,99.419,0,"species","Clupea pallasii"
"ASV_0213","Enophrys bison","Enophrys","Cottidae","Perciformes","Actinopteri","Chordata","Eukaryota",NA,NA,NA,"species","Enophrys bison"
"ASV_0214","Ammodytes personatus","Ammodytes","Ammodytidae","Uranoscopiformes","Actinopteri","Chordata","Eukaryota",99.408,99.408,0,"species","Ammodytes personatus"
"ASV_0215","Clinocottus embryum","Clinocottus","Cottidae","Perciformes","Actinopteri","Chordata","Eukaryota",NA,NA,NA,"species","Clinocottus embryum"
"ASV_0216","Clupea pallasii","Clupea","Clupeidae","Clupeiformes","Actinopteri","Chordata","Eukaryota",99.419,99.419,0,"species","Clupea pallasii"
"ASV_0217","Citharichthys stigmaeus","Citharichthys","Cyclopsettidae","Pleuronectiformes","Actinopteri","Chordata","Eukaryota",99.408,99.408,0,"species","Citharichthys stigmaeus"
"ASV_0220","Pholis laeta","Pholis","Pholidae","Perciformes","Actinopteri","Chordata","Eukaryota",99.405,99.405,0,"species","Pholis laeta"
"ASV_0221","Clupea pallasii","Clupea","Clupeidae","Clupeiformes","Actinopteri","Chordata","Eukaryota",99.419,99.419,0,"species","Clupea pallasii"
"ASV_0222","Pholis laeta","Pholis","Pholidae","Perciformes","Actinopteri","Chordata","Eukaryota",99.405,99.405,0,"species","Pholis laeta"
"ASV_0224","Hemilepidotus hemilepidotus","Hemilepidotus","Cottidae","Perciformes","Actinopteri","Chordata","Eukaryota",99.408,99.408,0,"species","Hemilepidotus hemilepidotus"
"ASV_0225","Enophrys bison","Enophrys","Cottidae","Perciformes","Actinopteri","Chordata","Eukaryota",NA,NA,NA,"species","Enophrys bison"
"ASV_0226","Citharichthys stigmaeus","Citharichthys","Cyclopsettidae","Pleuronectiformes","Actinopteri","Chordata","Eukaryota",99.408,99.408,0,"species","Citharichthys stigmaeus"
"ASV_0228","Pholis laeta","Pholis","Pholidae","Perciformes","Actinopteri","Chordata","Eukaryota",99.405,99.405,0,"species","Pholis laeta"
"ASV_0229","Zaprora silenus","Zaprora","Zaproridae","Perciformes","Actinopteri","Chordata","Eukaryota",100,100,0,"species","Zaprora silenus"
"ASV_0230","Clupea pallasii","Clupea","Clupeidae","Clupeiformes","Actinopteri","Chordata","Eukaryota",99.419,99.419,0,"species","Clupea pallasii"
"ASV_0232","Aulorhynchus flavidus","Aulorhynchus","Aulorhynchidae","Perciformes","Actinopteri","Chordata","Eukaryota",99.408,99.408,0,"species","Aulorhynchus flavidus"
"ASV_0233","Cryptacanthodes giganteus","Cryptacanthodes","Cryptacanthodidae","Perciformes","Actinopteri","Chordata","Eukaryota",100,100,0,"species","Cryptacanthodes giganteus"
"ASV_0237","Cymatogaster aggregata","Cymatogaster","Embiotocidae","","Actinopteri","Chordata","Eukaryota",NA,NA,NA,"species","Cymatogaster aggregata"
"ASV_0240","Leptocottus armatus","Leptocottus","Cottidae","Perciformes","Actinopteri","Chordata","Eukaryota",99.412,99.412,0,"species","Leptocottus armatus"
"ASV_0242","Pholis laeta","Pholis","Pholidae","Perciformes","Actinopteri","Chordata","Eukaryota",99.405,99.405,0,"species","Pholis laeta"
"ASV_0243","Gasterosteus aculeatus","Gasterosteus","Gasterosteidae","Perciformes","Actinopteri","Chordata","Eukaryota",99.408,99.408,0,"species","Gasterosteus aculeatus"
"ASV_0245","Clupea pallasii","Clupea","Clupeidae","Clupeiformes","Actinopteri","Chordata","Eukaryota",99.419,99.419,0,"species","Clupea pallasii"
"ASV_0249","Artedius lateralis","Artedius","Cottidae","Perciformes","Actinopteri","Chordata","Eukaryota",99.415,99.415,0,"species","Artedius lateralis"
"ASV_0252","Pholis laeta","Pholis","Pholidae","Perciformes","Actinopteri","Chordata","Eukaryota",99.405,99.405,0,"species","Pholis laeta"
"ASV_0253","Cymatogaster aggregata","Cymatogaster","Embiotocidae","","Actinopteri","Chordata","Eukaryota",NA,NA,NA,"species","Cymatogaster aggregata"
"ASV_0259","Gasterosteus aculeatus","Gasterosteus","Gasterosteidae","Perciformes","Actinopteri","Chordata","Eukaryota",99.408,99.408,0,"species","Gasterosteus aculeatus"
"ASV_0261","Pholis laeta","Pholis","Pholidae","Perciformes","Actinopteri","Chordata","Eukaryota",99.405,99.405,0,"species","Pholis laeta"
"ASV_0263","Ammodytes personatus","Ammodytes","Ammodytidae","Uranoscopiformes","Actinopteri","Chordata","Eukaryota",99.408,99.408,0,"species","Ammodytes personatus"
"ASV_0266","Ammodytes personatus","Ammodytes","Ammodytidae","Uranoscopiformes","Actinopteri","Chordata","Eukaryota",99.408,99.408,0,"species","Ammodytes personatus"
"ASV_0268","Clupea pallasii","Clupea","Clupeidae","Clupeiformes","Actinopteri","Chordata","Eukaryota",99.419,99.419,0,"species","Clupea pallasii"
"ASV_0270","Clinocottus acuticeps","Clinocottus","Cottidae","Perciformes","Actinopteri","Chordata","Eukaryota",NA,NA,NA,"species","Clinocottus acuticeps"
"ASV_0271","Cymatogaster aggregata","Cymatogaster","Embiotocidae","","Actinopteri","Chordata","Eukaryota",NA,NA,NA,"species","Cymatogaster aggregata"
"ASV_0272","Cymatogaster aggregata","Cymatogaster","Embiotocidae","","Actinopteri","Chordata","Eukaryota",NA,NA,NA,"species","Cymatogaster aggregata"
"ASV_0273","Artedius lateralis","Artedius","Cottidae","Perciformes","Actinopteri","Chordata","Eukaryota",98.83,98.83,0,"species","Artedius lateralis"
"ASV_0274","Cymatogaster aggregata","Cymatogaster","Embiotocidae","","Actinopteri","Chordata","Eukaryota",NA,NA,NA,"species","Cymatogaster aggregata"
"ASV_0275","Syngnathus leptorhynchus","Syngnathus","Syngnathidae","Syngnathiformes","Actinopteri","Chordata","Eukaryota",99.401,99.401,0,"species","Syngnathus leptorhynchus"
"ASV_0276","Clupea pallasii","Clupea","Clupeidae","Clupeiformes","Actinopteri","Chordata","Eukaryota",99.419,99.419,0,"species","Clupea pallasii"
"ASV_0279","Cymatogaster aggregata","Cymatogaster","Embiotocidae","","Actinopteri","Chordata","Eukaryota",NA,NA,NA,"species","Cymatogaster aggregata"
"ASV_0282","Oligocottus snyderi","Oligocottus","Cottidae","Perciformes","Actinopteri","Chordata","Eukaryota",NA,NA,NA,"species","Oligocottus snyderi"
"ASV_0283","Artedius lateralis","Artedius","Cottidae","Perciformes","Actinopteri","Chordata","Eukaryota",99.415,99.415,0,"species","Artedius lateralis"
"ASV_0284","Enophrys bison","Enophrys","Cottidae","Perciformes","Actinopteri","Chordata","Eukaryota",NA,NA,NA,"species","Enophrys bison"
"ASV_0285","Clupea pallasii","Clupea","Clupeidae","Clupeiformes","Actinopteri","Chordata","Eukaryota",98.837,98.837,0,"species","Clupea pallasii"
"ASV_0287","Clupea pallasii","Clupea","Clupeidae","Clupeiformes","Actinopteri","Chordata","Eukaryota",99.419,99.419,0,"species","Clupea pallasii"
"ASV_0289","Artedius lateralis","Artedius","Cottidae","Perciformes","Actinopteri","Chordata","Eukaryota",99.415,99.415,0,"species","Artedius lateralis"
"ASV_0290","Ammodytes personatus","Ammodytes","Ammodytidae","Uranoscopiformes","Actinopteri","Chordata","Eukaryota",99.408,99.408,0,"species","Ammodytes personatus"
"ASV_0291","Ammodytes personatus","Ammodytes","Ammodytidae","Uranoscopiformes","Actinopteri","Chordata","Eukaryota",99.408,99.408,0,"species","Ammodytes personatus"
"ASV_0293","Cymatogaster aggregata","Cymatogaster","Embiotocidae","","Actinopteri","Chordata","Eukaryota",NA,NA,NA,"species","Cymatogaster aggregata"
"ASV_0296","Cymatogaster aggregata","Cymatogaster","Embiotocidae","","Actinopteri","Chordata","Eukaryota",NA,NA,NA,"species","Cymatogaster aggregata"
"ASV_0297","Cymatogaster aggregata","Cymatogaster","Embiotocidae","","Actinopteri","Chordata","Eukaryota",NA,NA,NA,"species","Cymatogaster aggregata"
"ASV_0298","Pholis laeta","Pholis","Pholidae","Perciformes","Actinopteri","Chordata","Eukaryota",99.405,99.405,0,"species","Pholis laeta"
"ASV_0299","Ammodytes personatus","Ammodytes","Ammodytidae","Uranoscopiformes","Actinopteri","Chordata","Eukaryota",99.408,99.408,0,"species","Ammodytes personatus"
"ASV_0300","Clupea pallasii","Clupea","Clupeidae","Clupeiformes","Actinopteri","Chordata","Eukaryota",98.837,98.837,0,"species","Clupea pallasii"
"ASV_0302","Cymatogaster aggregata","Cymatogaster","Embiotocidae","","Actinopteri","Chordata","Eukaryota",NA,NA,NA,"species","Cymatogaster aggregata"
"ASV_0303","Clupea pallasii","Clupea","Clupeidae","Clupeiformes","Actinopteri","Chordata","Eukaryota",99.419,99.419,0,"species","Clupea pallasii"
"ASV_0304","Cymatogaster aggregata","Cymatogaster","Embiotocidae","","Actinopteri","Chordata","Eukaryota",NA,NA,NA,"species","Cymatogaster aggregata"
"ASV_0309","Clupea pallasii","Clupea","Clupeidae","Clupeiformes","Actinopteri","Chordata","Eukaryota",99.419,99.419,0,"species","Clupea pallasii"
"ASV_0312","Clupea pallasii","Clupea","Clupeidae","Clupeiformes","Actinopteri","Chordata","Eukaryota",99.419,99.419,0,"species","Clupea pallasii"
"ASV_0313","Clupea pallasii","Clupea","Clupeidae","Clupeiformes","Actinopteri","Chordata","Eukaryota",99.419,99.419,0,"species","Clupea pallasii"
"ASV_0314","Liparis greeni","Liparis","Liparidae","Perciformes","Actinopteri","Chordata","Eukaryota",NA,NA,NA,"species","Liparis greeni"
"ASV_0315","Clupea pallasii","Clupea","Clupeidae","Clupeiformes","Actinopteri","Chordata","Eukaryota",99.419,99.419,0,"species","Clupea pallasii"
"ASV_0316","Clupea pallasii","Clupea","Clupeidae","Clupeiformes","Actinopteri","Chordata","Eukaryota",99.419,99.419,0,"species","Clupea pallasii"
"ASV_0317","Oxylebius pictus","Oxylebius","Hexagrammidae","Perciformes","Actinopteri","Chordata","Eukaryota",NA,NA,NA,"species","Oxylebius pictus"
"ASV_0318","Leptocottus armatus","Leptocottus","Cottidae","Perciformes","Actinopteri","Chordata","Eukaryota",99.412,99.412,0,"species","Leptocottus armatus"
"ASV_0321","Cymatogaster aggregata","Cymatogaster","Embiotocidae","","Actinopteri","Chordata","Eukaryota",NA,NA,NA,"species","Cymatogaster aggregata"
"ASV_0325","Clupea pallasii","Clupea","Clupeidae","Clupeiformes","Actinopteri","Chordata","Eukaryota",99.419,99.419,0,"species","Clupea pallasii"
"ASV_0326","Pholis laeta","Pholis","Pholidae","Perciformes","Actinopteri","Chordata","Eukaryota",99.405,99.405,0,"species","Pholis laeta"
"ASV_0328","Clupea pallasii","Clupea","Clupeidae","Clupeiformes","Actinopteri","Chordata","Eukaryota",99.419,99.419,0,"species","Clupea pallasii"
"ASV_0329","Cymatogaster aggregata","Cymatogaster","Embiotocidae","","Actinopteri","Chordata","Eukaryota",NA,NA,NA,"species","Cymatogaster aggregata"
"ASV_0331","Artedius fenestralis","Artedius","Cottidae","Perciformes","Actinopteri","Chordata","Eukaryota",NA,NA,NA,"species","Artedius fenestralis"
"ASV_0333","Syngnathus leptorhynchus","Syngnathus","Syngnathidae","Syngnathiformes","Actinopteri","Chordata","Eukaryota",99.401,99.401,0,"species","Syngnathus leptorhynchus"
"ASV_0334","Ammodytes personatus","Ammodytes","Ammodytidae","Uranoscopiformes","Actinopteri","Chordata","Eukaryota",99.408,99.408,0,"species","Ammodytes personatus"
"ASV_0336","Citharichthys stigmaeus","Citharichthys","Cyclopsettidae","Pleuronectiformes","Actinopteri","Chordata","Eukaryota",99.408,99.408,0,"species","Citharichthys stigmaeus"
"ASV_0337","Clupea pallasii","Clupea","Clupeidae","Clupeiformes","Actinopteri","Chordata","Eukaryota",99.419,99.419,0,"species","Clupea pallasii"
"ASV_0343","Cymatogaster aggregata","Cymatogaster","Embiotocidae","","Actinopteri","Chordata","Eukaryota",NA,NA,NA,"species","Cymatogaster aggregata"
"ASV_0344","Syngnathus leptorhynchus","Syngnathus","Syngnathidae","Syngnathiformes","Actinopteri","Chordata","Eukaryota",99.401,99.401,0,"species","Syngnathus leptorhynchus"
"ASV_0345","Citharichthys stigmaeus","Citharichthys","Cyclopsettidae","Pleuronectiformes","Actinopteri","Chordata","Eukaryota",99.408,99.408,0,"species","Citharichthys stigmaeus"
"ASV_0348","Pholis laeta","Pholis","Pholidae","Perciformes","Actinopteri","Chordata","Eukaryota",99.405,99.405,0,"species","Pholis laeta"
"ASV_0349","Pholis laeta","Pholis","Pholidae","Perciformes","Actinopteri","Chordata","Eukaryota",99.405,99.405,0,"species","Pholis laeta"
"ASV_0350","Pholis laeta","Pholis","Pholidae","Perciformes","Actinopteri","Chordata","Eukaryota",99.405,99.405,0,"species","Pholis laeta"
"ASV_0351","Clupea pallasii","Clupea","Clupeidae","Clupeiformes","Actinopteri","Chordata","Eukaryota",99.419,99.419,0,"species","Clupea pallasii"
"ASV_0352","Clupea pallasii","Clupea","Clupeidae","Clupeiformes","Actinopteri","Chordata","Eukaryota",99.419,99.419,0,"species","Clupea pallasii"
"ASV_0353","Clupea pallasii","Clupea","Clupeidae","Clupeiformes","Actinopteri","Chordata","Eukaryota",98.837,98.837,0,"species","Clupea pallasii"
"ASV_0354","Cymatogaster aggregata","Cymatogaster","Embiotocidae","","Actinopteri","Chordata","Eukaryota",NA,NA,NA,"species","Cymatogaster aggregata"
"ASV_0355","Leptocottus armatus","Leptocottus","Cottidae","Perciformes","Actinopteri","Chordata","Eukaryota",99.412,99.412,0,"species","Leptocottus armatus"
"ASV_0356","Clupea pallasii","Clupea","Clupeidae","Clupeiformes","Actinopteri","Chordata","Eukaryota",99.419,99.419,0,"species","Clupea pallasii"
"ASV_0358","Clupea pallasii","Clupea","Clupeidae","Clupeiformes","Actinopteri","Chordata","Eukaryota",99.419,99.419,0,"species","Clupea pallasii"
"ASV_0361","Leptocottus armatus","Leptocottus","Cottidae","Perciformes","Actinopteri","Chordata","Eukaryota",99.412,99.412,0,"species","Leptocottus armatus"
"ASV_0362","Pholis laeta","Pholis","Pholidae","Perciformes","Actinopteri","Chordata","Eukaryota",99.405,99.405,0,"species","Pholis laeta"
"ASV_0363","Mallotus villosus","Mallotus","Salangidae","Osmeriformes","Actinopteri","Chordata","Eukaryota",100,100,0,"species","Mallotus villosus"
"ASV_0364","Anoplopoma fimbria","Anoplopoma","Anoplopomatidae","Perciformes","Actinopteri","Chordata","Eukaryota",100,100,0,"species","Anoplopoma fimbria"
"ASV_0365","Cymatogaster aggregata","Cymatogaster","Embiotocidae","","Actinopteri","Chordata","Eukaryota",NA,NA,NA,"species","Cymatogaster aggregata"
"ASV_0368","Cymatogaster aggregata","Cymatogaster","Embiotocidae","","Actinopteri","Chordata","Eukaryota",NA,NA,NA,"species","Cymatogaster aggregata"
"ASV_0371","Pleuronichthys coenosus","Pleuronichthys","Pleuronectidae","Pleuronectiformes","Actinopteri","Chordata","Eukaryota",99.408,99.408,0,"species","Pleuronichthys coenosus"
"ASV_0374","Blepsias bilobus","Blepsias","Agonidae","Perciformes","Actinopteri","Chordata","Eukaryota",100,100,0,"species","Blepsias bilobus"
"ASV_0376","Pholis laeta","Pholis","Pholidae","Perciformes","Actinopteri","Chordata","Eukaryota",99.405,99.405,0,"species","Pholis laeta"
"ASV_0378","Liparis greeni","Liparis","Liparidae","Perciformes","Actinopteri","Chordata","Eukaryota",NA,NA,NA,"species","Liparis greeni"
"ASV_0381","Cymatogaster aggregata","Cymatogaster","Embiotocidae","","Actinopteri","Chordata","Eukaryota",NA,NA,NA,"species","Cymatogaster aggregata"
"ASV_0382","Enophrys bison","Enophrys","Cottidae","Perciformes","Actinopteri","Chordata","Eukaryota",NA,NA,NA,"species","Enophrys bison"
"ASV_0383","Leptocottus armatus","Leptocottus","Cottidae","Perciformes","Actinopteri","Chordata","Eukaryota",99.412,99.412,0,"species","Leptocottus armatus"
"ASV_0385","Pholis laeta","Pholis","Pholidae","Perciformes","Actinopteri","Chordata","Eukaryota",99.405,99.405,0,"species","Pholis laeta"
"ASV_0389","Clupea pallasii","Clupea","Clupeidae","Clupeiformes","Actinopteri","Chordata","Eukaryota",99.419,99.419,0,"species","Clupea pallasii"
"ASV_0390","Pholis laeta","Pholis","Pholidae","Perciformes","Actinopteri","Chordata","Eukaryota",99.405,99.405,0,"species","Pholis laeta"
"ASV_0393","Clupea pallasii","Clupea","Clupeidae","Clupeiformes","Actinopteri","Chordata","Eukaryota",99.419,99.419,0,"species","Clupea pallasii"
"ASV_0397","Clupea pallasii","Clupea","Clupeidae","Clupeiformes","Actinopteri","Chordata","Eukaryota",98.837,98.837,0,"species","Clupea pallasii"
"ASV_0398","Citharichthys sordidus","Citharichthys","Cyclopsettidae","Pleuronectiformes","Actinopteri","Chordata","Eukaryota",99.405,99.405,0,"species","Citharichthys sordidus"
"ASV_0399","Clupea pallasii","Clupea","Clupeidae","Clupeiformes","Actinopteri","Chordata","Eukaryota",99.419,99.419,0,"species","Clupea pallasii"
"ASV_0403","Clupea pallasii","Clupea","Clupeidae","Clupeiformes","Actinopteri","Chordata","Eukaryota",99.419,99.419,0,"species","Clupea pallasii"
"ASV_0404","Cymatogaster aggregata","Cymatogaster","Embiotocidae","","Actinopteri","Chordata","Eukaryota",NA,NA,NA,"species","Cymatogaster aggregata"
"ASV_0405","Ammodytes personatus","Ammodytes","Ammodytidae","Uranoscopiformes","Actinopteri","Chordata","Eukaryota",99.408,99.408,0,"species","Ammodytes personatus"
"ASV_0406","Clupea pallasii","Clupea","Clupeidae","Clupeiformes","Actinopteri","Chordata","Eukaryota",99.419,100,0.581000000000003,"species","Clupea pallasii"
"ASV_0407","Gasterosteus aculeatus","Gasterosteus","Gasterosteidae","Perciformes","Actinopteri","Chordata","Eukaryota",98.817,98.817,0,"species","Gasterosteus aculeatus"
"ASV_0408","Aulorhynchus flavidus","Aulorhynchus","Aulorhynchidae","Perciformes","Actinopteri","Chordata","Eukaryota",99.408,99.408,0,"species","Aulorhynchus flavidus"
"ASV_0412","Clinocottus acuticeps","Clinocottus","Cottidae","Perciformes","Actinopteri","Chordata","Eukaryota",NA,NA,NA,"species","Clinocottus acuticeps"
"ASV_0413","Clupea pallasii","Clupea","Clupeidae","Clupeiformes","Actinopteri","Chordata","Eukaryota",99.419,99.419,0,"species","Clupea pallasii"
"ASV_0415","Cymatogaster aggregata","Cymatogaster","Embiotocidae","","Actinopteri","Chordata","Eukaryota",NA,NA,NA,"species","Cymatogaster aggregata"
"ASV_0416","Gasterosteus aculeatus","Gasterosteus","Gasterosteidae","Perciformes","Actinopteri","Chordata","Eukaryota",99.408,99.408,0,"species","Gasterosteus aculeatus"
"ASV_0417","Artedius lateralis","Artedius","Cottidae","Perciformes","Actinopteri","Chordata","Eukaryota",99.415,99.415,0,"species","Artedius lateralis"
"ASV_0418","Syngnathus leptorhynchus","Syngnathus","Syngnathidae","Syngnathiformes","Actinopteri","Chordata","Eukaryota",99.401,99.401,0,"species","Syngnathus leptorhynchus"
"ASV_0420","Cymatogaster aggregata","Cymatogaster","Embiotocidae","","Actinopteri","Chordata","Eukaryota",NA,NA,NA,"species","Cymatogaster aggregata"
"ASV_0423","Citharichthys stigmaeus","Citharichthys","Cyclopsettidae","Pleuronectiformes","Actinopteri","Chordata","Eukaryota",98.817,98.817,0,"species","Citharichthys stigmaeus"
"ASV_0424","Clupea pallasii","Clupea","Clupeidae","Clupeiformes","Actinopteri","Chordata","Eukaryota",99.419,99.419,0,"species","Clupea pallasii"
"ASV_0426","Hemilepidotus hemilepidotus","Hemilepidotus","Cottidae","Perciformes","Actinopteri","Chordata","Eukaryota",99.408,99.408,0,"species","Hemilepidotus hemilepidotus"
"ASV_0427","Leptocottus armatus","Leptocottus","Cottidae","Perciformes","Actinopteri","Chordata","Eukaryota",99.412,99.412,0,"species","Leptocottus armatus"
"ASV_0430","Pholis laeta","Pholis","Pholidae","Perciformes","Actinopteri","Chordata","Eukaryota",99.405,99.405,0,"species","Pholis laeta"
"ASV_0431","Leptocottus armatus","Leptocottus","Cottidae","Perciformes","Actinopteri","Chordata","Eukaryota",99.412,99.412,0,"species","Leptocottus armatus"
"ASV_0434","Citharichthys sordidus","Citharichthys","Cyclopsettidae","Pleuronectiformes","Actinopteri","Chordata","Eukaryota",99.405,99.405,0,"species","Citharichthys sordidus"
"ASV_0436","Aulorhynchus flavidus","Aulorhynchus","Aulorhynchidae","Perciformes","Actinopteri","Chordata","Eukaryota",99.408,99.408,0,"species","Aulorhynchus flavidus"
"ASV_0437","Leptocottus armatus","Leptocottus","Cottidae","Perciformes","Actinopteri","Chordata","Eukaryota",99.412,99.412,0,"species","Leptocottus armatus"
"ASV_0438","Artedius lateralis","Artedius","Cottidae","Perciformes","Actinopteri","Chordata","Eukaryota",99.415,99.415,0,"species","Artedius lateralis"
"ASV_0439","Leptocottus armatus","Leptocottus","Cottidae","Perciformes","Actinopteri","Chordata","Eukaryota",99.412,99.412,0,"species","Leptocottus armatus"
"ASV_0440","Cymatogaster aggregata","Cymatogaster","Embiotocidae","","Actinopteri","Chordata","Eukaryota",NA,NA,NA,"species","Cymatogaster aggregata"
"ASV_0441","Artedius fenestralis","Artedius","Cottidae","Perciformes","Actinopteri","Chordata","Eukaryota",NA,NA,NA,"species","Artedius fenestralis"
"ASV_0442","Enophrys bison","Enophrys","Cottidae","Perciformes","Actinopteri","Chordata","Eukaryota",NA,NA,NA,"species","Enophrys bison"
"ASV_0443","Pleuronichthys coenosus","Pleuronichthys","Pleuronectidae","Pleuronectiformes","Actinopteri","Chordata","Eukaryota",99.408,99.408,0,"species","Pleuronichthys coenosus"
"ASV_0444","Clupea pallasii","Clupea","Clupeidae","Clupeiformes","Actinopteri","Chordata","Eukaryota",99.419,99.419,0,"species","Clupea pallasii"
"ASV_0446","Cymatogaster aggregata","Cymatogaster","Embiotocidae","","Actinopteri","Chordata","Eukaryota",NA,NA,NA,"species","Cymatogaster aggregata"
"ASV_0448","Cymatogaster aggregata","Cymatogaster","Embiotocidae","","Actinopteri","Chordata","Eukaryota",NA,NA,NA,"species","Cymatogaster aggregata"
"ASV_0451","Syngnathus leptorhynchus","Syngnathus","Syngnathidae","Syngnathiformes","Actinopteri","Chordata","Eukaryota",99.401,99.401,0,"species","Syngnathus leptorhynchus"
"ASV_0458","Artedius lateralis","Artedius","Cottidae","Perciformes","Actinopteri","Chordata","Eukaryota",98.246,98.246,0,"species","Artedius lateralis"
"ASV_0460","Gasterosteus aculeatus","Gasterosteus","Gasterosteidae","Perciformes","Actinopteri","Chordata","Eukaryota",99.408,99.408,0,"species","Gasterosteus aculeatus"
"ASV_0466","Artedius lateralis","Artedius","Cottidae","Perciformes","Actinopteri","Chordata","Eukaryota",99.415,99.415,0,"species","Artedius lateralis"
"ASV_0467","Cymatogaster aggregata","Cymatogaster","Embiotocidae","","Actinopteri","Chordata","Eukaryota",NA,NA,NA,"species","Cymatogaster aggregata"
"ASV_0470","Clupea pallasii","Clupea","Clupeidae","Clupeiformes","Actinopteri","Chordata","Eukaryota",98.837,98.837,0,"species","Clupea pallasii"
"ASV_0471","Clupea pallasii","Clupea","Clupeidae","Clupeiformes","Actinopteri","Chordata","Eukaryota",98.837,98.837,0,"species","Clupea pallasii"
"ASV_0476","Cymatogaster aggregata","Cymatogaster","Embiotocidae","","Actinopteri","Chordata","Eukaryota",NA,NA,NA,"species","Cymatogaster aggregata"
"ASV_0477","Citharichthys stigmaeus","Citharichthys","Cyclopsettidae","Pleuronectiformes","Actinopteri","Chordata","Eukaryota",99.408,99.408,0,"species","Citharichthys stigmaeus"
"ASV_0479","Embiotoca lateralis","Embiotoca","Embiotocidae","","Actinopteri","Chordata","Eukaryota",100,100,0,"species","Embiotoca lateralis"
"ASV_0480","Clinocottus acuticeps","Clinocottus","Cottidae","Perciformes","Actinopteri","Chordata","Eukaryota",NA,NA,NA,"species","Clinocottus acuticeps"
"ASV_0485","Pholis laeta","Pholis","Pholidae","Perciformes","Actinopteri","Chordata","Eukaryota",99.405,99.405,0,"species","Pholis laeta"
"ASV_0486","Ophiodon elongatus","Ophiodon","Hexagrammidae","Perciformes","Actinopteri","Chordata","Eukaryota",NA,NA,NA,"species","Ophiodon elongatus"
"ASV_0487","Leptocottus armatus","Leptocottus","Cottidae","Perciformes","Actinopteri","Chordata","Eukaryota",99.412,99.412,0,"species","Leptocottus armatus"
"ASV_0491","Clupea pallasii","Clupea","Clupeidae","Clupeiformes","Actinopteri","Chordata","Eukaryota",99.419,99.419,0,"species","Clupea pallasii"
"ASV_0492","Clupea pallasii","Clupea","Clupeidae","Clupeiformes","Actinopteri","Chordata","Eukaryota",99.419,99.419,0,"species","Clupea pallasii"
"ASV_0494","Gasterosteus aculeatus","Gasterosteus","Gasterosteidae","Perciformes","Actinopteri","Chordata","Eukaryota",99.408,99.408,0,"species","Gasterosteus aculeatus"
"ASV_0495","Clupea pallasii","Clupea","Clupeidae","Clupeiformes","Actinopteri","Chordata","Eukaryota",99.419,99.419,0,"species","Clupea pallasii"
"ASV_0497","Gasterosteus aculeatus","Gasterosteus","Gasterosteidae","Perciformes","Actinopteri","Chordata","Eukaryota",99.408,99.408,0,"species","Gasterosteus aculeatus"
"ASV_0498","Pholis laeta","Pholis","Pholidae","Perciformes","Actinopteri","Chordata","Eukaryota",99.405,99.405,0,"species","Pholis laeta"
"ASV_0500","Liparis greeni","Liparis","Liparidae","Perciformes","Actinopteri","Chordata","Eukaryota",NA,NA,NA,"species","Liparis greeni"
"ASV_0501","Gasterosteus aculeatus","Gasterosteus","Gasterosteidae","Perciformes","Actinopteri","Chordata","Eukaryota",99.408,99.408,0,"species","Gasterosteus aculeatus"
"ASV_0502","Gasterosteus aculeatus","Gasterosteus","Gasterosteidae","Perciformes","Actinopteri","Chordata","Eukaryota",99.408,99.408,0,"species","Gasterosteus aculeatus"
"ASV_0503","Pholis laeta","Pholis","Pholidae","Perciformes","Actinopteri","Chordata","Eukaryota",99.405,99.405,0,"species","Pholis laeta"
"ASV_0504","Pholis laeta","Pholis","Pholidae","Perciformes","Actinopteri","Chordata","Eukaryota",99.405,99.405,0,"species","Pholis laeta"
"ASV_0507","Citharichthys stigmaeus","Citharichthys","Cyclopsettidae","Pleuronectiformes","Actinopteri","Chordata","Eukaryota",99.408,99.408,0,"species","Citharichthys stigmaeus"
"ASV_0508","Clupea pallasii","Clupea","Clupeidae","Clupeiformes","Actinopteri","Chordata","Eukaryota",99.419,99.419,0,"species","Clupea pallasii"
"ASV_0514","Gasterosteus aculeatus","Gasterosteus","Gasterosteidae","Perciformes","Actinopteri","Chordata","Eukaryota",99.408,99.408,0,"species","Gasterosteus aculeatus"
"ASV_0515","Liparis greeni","Liparis","Liparidae","Perciformes","Actinopteri","Chordata","Eukaryota",NA,NA,NA,"species","Liparis greeni"
"ASV_0516","Leptocottus armatus","Leptocottus","Cottidae","Perciformes","Actinopteri","Chordata","Eukaryota",99.412,99.412,0,"species","Leptocottus armatus"
"ASV_0517","Cymatogaster aggregata","Cymatogaster","Embiotocidae","","Actinopteri","Chordata","Eukaryota",NA,NA,NA,"species","Cymatogaster aggregata"
"ASV_0521","Clupea pallasii","Clupea","Clupeidae","Clupeiformes","Actinopteri","Chordata","Eukaryota",98.837,98.837,0,"species","Clupea pallasii"
"ASV_0522","Cymatogaster aggregata","Cymatogaster","Embiotocidae","","Actinopteri","Chordata","Eukaryota",NA,NA,NA,"species","Cymatogaster aggregata"
"ASV_0523","Pholis laeta","Pholis","Pholidae","Perciformes","Actinopteri","Chordata","Eukaryota",99.405,99.405,0,"species","Pholis laeta"
"ASV_0524","Clupea pallasii","Clupea","Clupeidae","Clupeiformes","Actinopteri","Chordata","Eukaryota",99.419,99.419,0,"species","Clupea pallasii"
"ASV_0527","Gasterosteus aculeatus","Gasterosteus","Gasterosteidae","Perciformes","Actinopteri","Chordata","Eukaryota",99.408,99.408,0,"species","Gasterosteus aculeatus"
"ASV_0528","Clupea pallasii","Clupea","Clupeidae","Clupeiformes","Actinopteri","Chordata","Eukaryota",98.256,98.256,0,"species","Clupea pallasii"
"ASV_0530","Gasterosteus aculeatus","Gasterosteus","Gasterosteidae","Perciformes","Actinopteri","Chordata","Eukaryota",99.408,99.408,0,"species","Gasterosteus aculeatus"
"ASV_0531","Agonopsis vulsa","Agonopsis","Agonidae","Perciformes","Actinopteri","Chordata","Eukaryota",NA,NA,NA,"species","Agonopsis vulsa"
"ASV_0532","Gobiesox maeandricus","Gobiesox","Gobiesocidae","Blenniiformes","Actinopteri","Chordata","Eukaryota",NA,NA,NA,"species","Gobiesox maeandricus"
"ASV_0535","Clupea pallasii","Clupea","Clupeidae","Clupeiformes","Actinopteri","Chordata","Eukaryota",99.419,99.419,0,"species","Clupea pallasii"
"ASV_0536","Leptocottus armatus","Leptocottus","Cottidae","Perciformes","Actinopteri","Chordata","Eukaryota",99.412,99.412,0,"species","Leptocottus armatus"
"ASV_0537","Hexagrammos decagrammus","Hexagrammos","Hexagrammidae","Perciformes","Actinopteri","Chordata","Eukaryota",NA,NA,NA,"species","Hexagrammos decagrammus"
"ASV_0538","Clupea pallasii","Clupea","Clupeidae","Clupeiformes","Actinopteri","Chordata","Eukaryota",99.419,99.419,0,"species","Clupea pallasii"
"ASV_0541","Gasterosteus aculeatus","Gasterosteus","Gasterosteidae","Perciformes","Actinopteri","Chordata","Eukaryota",99.408,99.408,0,"species","Gasterosteus aculeatus"
"ASV_0549","Podothecus accipenserinus","Podothecus","Agonidae","Perciformes","Actinopteri","Chordata","Eukaryota",100,100,0,"species","Podothecus accipenserinus"
"ASV_0552","Clinocottus acuticeps","Clinocottus","Cottidae","Perciformes","Actinopteri","Chordata","Eukaryota",NA,NA,NA,"species","Clinocottus acuticeps"
"ASV_0554","Hexagrammos decagrammus","Hexagrammos","Hexagrammidae","Perciformes","Actinopteri","Chordata","Eukaryota",NA,NA,NA,"species","Hexagrammos decagrammus"
"ASV_0555","Clupea pallasii","Clupea","Clupeidae","Clupeiformes","Actinopteri","Chordata","Eukaryota",98.837,98.837,0,"species","Clupea pallasii"
"ASV_0556","Clinocottus acuticeps","Clinocottus","Cottidae","Perciformes","Actinopteri","Chordata","Eukaryota",NA,NA,NA,"species","Clinocottus acuticeps"
"ASV_0557","Syngnathus leptorhynchus","Syngnathus","Syngnathidae","Syngnathiformes","Actinopteri","Chordata","Eukaryota",99.401,99.401,0,"species","Syngnathus leptorhynchus"
"ASV_0559","Artedius harringtoni","Artedius","Cottidae","Perciformes","Actinopteri","Chordata","Eukaryota",NA,NA,NA,"species","Artedius harringtoni"
"ASV_0566","Leptocottus armatus","Leptocottus","Cottidae","Perciformes","Actinopteri","Chordata","Eukaryota",96.491,97.059,0.567999999999998,"species","Leptocottus armatus"
"ASV_0571","Ammodytes personatus","Ammodytes","Ammodytidae","Uranoscopiformes","Actinopteri","Chordata","Eukaryota",99.408,99.408,0,"species","Ammodytes personatus"
"ASV_0574","Citharichthys stigmaeus","Citharichthys","Cyclopsettidae","Pleuronectiformes","Actinopteri","Chordata","Eukaryota",99.408,99.408,0,"species","Citharichthys stigmaeus"
"ASV_0580","Ophiodon elongatus","Ophiodon","Hexagrammidae","Perciformes","Actinopteri","Chordata","Eukaryota",NA,NA,NA,"species","Ophiodon elongatus"
"ASV_0583","Enophrys bison","Enophrys","Cottidae","Perciformes","Actinopteri","Chordata","Eukaryota",99.405,99.405,0,"species","Enophrys bison"
"ASV_0586","Rhamphocottus richardsonii","Rhamphocottus","Rhamphocottidae","Perciformes","Actinopteri","Chordata","Eukaryota",NA,NA,NA,"species","Rhamphocottus richardsonii"
"ASV_0589","Pholis laeta","Pholis","Pholidae","Perciformes","Actinopteri","Chordata","Eukaryota",99.405,99.405,0,"species","Pholis laeta"
"ASV_0597","Cymatogaster aggregata","Cymatogaster","Embiotocidae","","Actinopteri","Chordata","Eukaryota",NA,NA,NA,"species","Cymatogaster aggregata"
"ASV_0599","Brachyistius frenatus","Brachyistius","Embiotocidae","","Actinopteri","Chordata","Eukaryota",NA,NA,NA,"species","Brachyistius frenatus"
"ASV_0607","Citharichthys stigmaeus","Citharichthys","Cyclopsettidae","Pleuronectiformes","Actinopteri","Chordata","Eukaryota",98.225,98.225,0,"species","Citharichthys stigmaeus"
"ASV_0617","Gasterosteus aculeatus","Gasterosteus","Gasterosteidae","Perciformes","Actinopteri","Chordata","Eukaryota",98.817,98.817,0,"species","Gasterosteus aculeatus"
